"Jan 26, 2021, 12 AMEDT",2.15,2.38,+10.59,"Oct 27, 2020, 12 AMEDT",2.26,2.43,+7.38,"Jul 28, 2020, 12 AMEDT",1.8,1.78,-1.17,"Apr 28, 2020, 12 AMEDT",2.03,2.16,+6.3
"Jan 28, 2021, 12 AMEDT",0.59,0.74,+26.5,"Oct 29, 2020, 12 AMEDT",0.52,0.66,+27.66,"Jul 30, 2020, 12 AMEDT",0.42,0.45,+7.14,"May 05, 2020, 12 AMEDT",0.34,0.32,-5.88
"Jan 27, 2021, 12 AMEDT",1.35,1.45,+7.17,"Oct 21, 2020, 12 AMEDT",0.91,0.98,+7.93,"Jul 16, 2020, 12 AMEDT",0.42,0.57,+34.43,"Apr 16, 2020, 12 AMEDT",0.58,0.65,+11.68
"Feb 03, 2021, 12 AMEDT",2.85,2.92,+2.42,"Oct 30, 2020, 12 AMEDT",2.77,2.83,+2.35,"Jul 31, 2020, 12 AMEDT",2.19,2.34,+6.9,"May 01, 2020, 12 AMEDT",2.25,2.42,+7.75
"Jan 28, 2021, 12 AMEDT",1.13,1.35,+19.57,"Oct 29, 2020, 12 AMEDT",0.92,1.36,+47.67,"Aug 06, 2020, 12 AMEDT",0.29,0.98,+233.33,"Apr 30, 2020, 12 AMEDT",0.94,0.7,-25.21
"Mar 18, 2021, 12 AMEDT",1.9,2.03,+6.95,"Dec 17, 2020, 12 AMEDT",2.05,2.17,+5.65,"Sep 24, 2020, 12 AMEDT",1.73,1.99,+14.83,"Jun 25, 2020, 12 AMEDT",1.85,1.9,+2.93
"Feb 04, 2021, 12 AMEDT",1.18,1.21,+2.72,"Oct 29, 2020, 12 AMEDT",0.65,0.71,+9.74,"Aug 04, 2020, 12 AMEDT",0.69,0.97,+41.61,"May 05, 2020, 12 AMEDT",0.38,0.58,+53.44
"Mar 23, 2021, 12 AMEDT",2.79,3.14,+12.75,"Dec 10, 2020, 12 AMEDT",2.66,2.81,+5.8,"Sep 15, 2020, 12 AMEDT",2.41,2.57,+6.64,"Jun 11, 2020, 12 AMEDT",2.33,2.45,+5.15
"Feb 16, 2021, 12 AMEDT",1.97,1.87,-4.98,"Nov 10, 2020, 12 AMEDT",2.66,2.81,+5.64,"Aug 18, 2020, 12 AMEDT",1.98,2.92,+47.25,"May 19, 2020, 12 AMEDT",1.73,0.91,-47.43
"Jan 26, 2021, 12 AMEDT",0.47,0.52,+11.59,"Oct 27, 2020, 12 AMEDT",0.36,0.41,+15.17,"Jul 28, 2020, 12 AMEDT",0.16,0.18,+9.76,"Apr 28, 2020, 12 AMEDT",0.18,0.18,-
"Feb 25, 2021, 12 AMEDT",0.44,0.48,+9.09,"Nov 06, 2020, 12 AMEDT",0.43,0.42,-2.55,"Aug 06, 2020, 12 AMEDT",0.23,0.25,+8.7,"May 07, 2020, 12 AMEDT",0.29,0.29,-1.02
"Feb 03, 2021, 12 AMEDT",1.05,1.07,+2.2,"Oct 27, 2020, 12 AMEDT",1.14,1.39,+22.25,"Jul 28, 2020, 12 AMEDT",1.07,1.28,+20.08,"Apr 29, 2020, 12 AMEDT",1.1,1.21,+9.7
"Feb 16, 2021, 12 AMEDT",0.89,1.06,+18.57,"Nov 23, 2020, 12 AMEDT",0.93,0.98,+5.49,"Aug 18, 2020, 12 AMEDT",0.66,0.78,+17.65,"May 21, 2020, 12 AMEDT",0.61,0.71,+17.16
"Feb 04, 2021, 12 AMEDT",2.19,2.12,-3.06,"Nov 11, 2020, 12 AMEDT",2.21,2.19,-1.08,"Jul 23, 2020, 12 AMEDT",1.99,2.01,+1.16,"Apr 23, 2020, 12 AMEDT",2.06,2.04,-1.07
"Feb 09, 2021, 12 AMEDT",1.31,1.33,+1.45,"Oct 27, 2020, 12 AMEDT",1.23,1.31,+6.59,"Jul 28, 2020, 12 AMEDT",1.21,1.38,+13.67,"Apr 28, 2020, 12 AMEDT",1.16,1.2,+3.72
"Jan 26, 2021, 12 AMEDT",-2.87,-2.55,+11.27,"Oct 22, 2020, 12 AMEDT",-2.94,-3.23,-9.86,"Jul 23, 2020, 12 AMEDT",-3.73,-3.54,+5.17,"May 05, 2020, 12 AMEDT",-1.13,-0.82,+27.63
"Feb 17, 2021, 12 AMEDT",1.1,1.17,+6.46,"Nov 04, 2020, 12 AMEDT",0.78,1.09,+40.1,"Aug 05, 2020, 12 AMEDT",0.73,0.86,+18.13,"May 06, 2020, 12 AMEDT",0.83,1,+20.77
"Jan 25, 2021, 12 AMEDT",0.65,3.8,+481.04,"Oct 26, 2020, 12 AMEDT",0.61,0.63,+3.62,"Jul 27, 2020, 12 AMEDT",0.53,1.82,+246.01,"Apr 27, 2020, 12 AMEDT",0.66,0.14,-78.88
"Feb 04, 2021, 12 AMEDT",2.56,2.96,+15.72,"Oct 29, 2020, 12 AMEDT",2.6,3.24,+24.62,"Jul 30, 2020, 12 AMEDT",2.59,3.11,+20.08,"May 06, 2020, 12 AMEDT",2.71,3.22,+18.78
"Feb 03, 2021, 12 AMEDT",2.14,2.61,+22.02,"Oct 21, 2020, 12 AMEDT",0.64,2.25,+252.11,"Jul 22, 2020, 12 AMEDT",-0.06,-0.35,-493.22,"Apr 29, 2020, 12 AMEDT",1.79,0.73,-59.29
"Feb 16, 2021, 12 AMEDT",1.19,1.49,+24.9,"Oct 22, 2020, 12 AMEDT",1.22,1.67,+36.55,"Jul 23, 2020, 12 AMEDT",0.84,0.92,+9,"Apr 23, 2020, 12 AMEDT",0.89,1.04,+16.99
"Feb 18, 2021, 12 AMEDT",0.23,0.24,+4.35,"Nov 02, 2020, 12 AMEDT",0.88,0.94,+6.7,"Aug 06, 2020, 12 AMEDT",0.46,0.54,+16.63,"May 07, 2020, 12 AMEDT",0.54,0.7,+29.87
"Feb 03, 2021, 12 AMEDT",3.81,5.87,+53.99,"Nov 04, 2020, 12 AMEDT",1.66,2.94,+76.79,"Aug 04, 2020, 12 AMEDT",1.55,2.46,+58.81,"May 05, 2020, 12 AMEDT",3.5,3.54,+1.26
"Feb 02, 2021, 12 AMEDT",15.9,22.3,+40.25,"Oct 29, 2020, 12 AMEDT",11.29,16.4,+45.27,"Jul 30, 2020, 12 AMEDT",8.21,10.13,+23.42,"Apr 28, 2020, 12 AMEDT",10.33,9.87,-4.41
"Feb 02, 2021, 12 AMEDT",15.99,22.3,+39.5,"Oct 29, 2020, 12 AMEDT",11.21,16.4,+46.31,"Jul 30, 2020, 12 AMEDT",8.34,10.13,+21.43,"Apr 28, 2020, 12 AMEDT",10.38,9.87,-4.91
"Jan 28, 2021, 12 AMEDT",1.02,0.99,-2.65,"Oct 30, 2020, 12 AMEDT",1.16,1.19,+2.94,"Jul 28, 2020, 12 AMEDT",1.06,1.09,+3.12,"Apr 30, 2020, 12 AMEDT",0.98,1.09,+11
"Feb 02, 2021, 12 AMEDT",7.23,14.09,+94.86,"Oct 29, 2020, 12 AMEDT",7.41,12.37,+66.96,"Jul 30, 2020, 12 AMEDT",1.46,10.3,+605.48,"Apr 30, 2020, 12 AMEDT",6.25,5.01,-19.83
"Feb 02, 2021, 12 AMEDT",0.17,0.18,+1.74,"Nov 05, 2020, 12 AMEDT",0.15,0.16,+6.76,"Aug 18, 2020, 12 AMEDT",0.19,0.19,-1.04,"May 11, 2020, 12 AMEDT",0.16,0.15,-5.66
"Feb 18, 2021, 12 AMEDT",0.42,0.46,+9.79,"Nov 04, 2020, 12 AMEDT",1.47,1.47,-0.27,"Aug 06, 2020, 12 AMEDT",0.87,0.98,+12.13,"May 11, 2020, 12 AMEDT",0.7,0.59,-16.19
"Jan 28, 2021, 12 AMEDT",-4.11,-3.86,+6.17,"Oct 18, 2020, 12 AMEDT",-5.88,-5.54,+5.73,"Jul 23, 2020, 12 AMEDT",-7.7,-7.82,-1.51,"Apr 30, 2020, 12 AMEDT",-2.33,-2.65,-13.83
"Feb 25, 2021, 12 AMEDT",0.79,0.87,+10.27,"Oct 22, 2020, 12 AMEDT",1.48,1.47,-0.54,"Aug 06, 2020, 12 AMEDT",1.06,1.08,+1.79,"May 06, 2020, 12 AMEDT",1.1,1.02,-6.85
"Jan 26, 2021, 12 AMEDT",1.31,1.76,+34.76,"Oct 23, 2020, 12 AMEDT",1.36,1.3,-4.06,"Jul 24, 2020, 12 AMEDT",-0.11,0.29,+354.39,"Apr 24, 2020, 12 AMEDT",1.43,0.41,-71.25
"Feb 16, 2021, 12 AMEDT",0.93,0.94,+0.86,"Nov 05, 2020, 12 AMEDT",0.54,0.81,+49.17,"Aug 03, 2020, 12 AMEDT",0.5,0.66,+33.06,"May 04, 2020, 12 AMEDT",0.72,0.11,-84.64
"Feb 25, 2021, 12 AMEDT",1.27,0.82,-35.28,"Oct 29, 2020, 12 AMEDT",1.1,1.04,-5.8,"Jul 30, 2020, 12 AMEDT",1.03,1,-3.38,"Apr 29, 2020, 12 AMEDT",1.05,0.93,-11.17
"Feb 24, 2021, 12 AMEDT",0.8,0.8,-,"Nov 04, 2020, 12 AMEDT",1.38,1.46,+5.49,"Aug 05, 2020, 12 AMEDT",0.96,0.97,+0.83,"May 06, 2020, 12 AMEDT",0.65,0.67,+2.76
"Jan 27, 2021, 12 AMEDT",4.52,4.53,+0.13,"Oct 28, 2020, 12 AMEDT",1.47,1.47,+0.27,"Jul 29, 2020, 12 AMEDT",2.46,2.64,+7.27,"May 06, 2020, 12 AMEDT",3.94,5.41,+37.21
"Feb 04, 2021, 12 AMEDT",1.94,2.18,+12.37,"Nov 05, 2020, 12 AMEDT",1.85,1.89,+2,"Aug 05, 2020, 12 AMEDT",1.57,1.85,+17.76,"May 07, 2020, 12 AMEDT",2.27,2.4,+5.91
"Feb 04, 2021, 12 AMEDT",1.03,1.08,+5.06,"Oct 29, 2020, 12 AMEDT",0.93,1.01,+8.25,"Aug 04, 2020, 12 AMEDT",0.72,0.84,+16.5,"May 05, 2020, 12 AMEDT",0.97,1.02,+5.7
"Feb 02, 2021, 12 AMEDT",3.39,3.81,+12.39,"Oct 28, 2020, 12 AMEDT",3.81,4.37,+14.82,"Jul 28, 2020, 12 AMEDT",3.83,4.25,+11.11,"Apr 30, 2020, 12 AMEDT",3.76,4.17,+10.82
"Jan 27, 2021, 12 AMEDT",0.51,0.56,+11,"Oct 21, 2020, 12 AMEDT",0.44,0.55,+24.43,"Jul 22, 2020, 12 AMEDT",0.31,0.41,+29.81,"Apr 22, 2020, 12 AMEDT",0.37,0.36,-2.74
"Feb 17, 2021, 12 AMEDT",1.32,1.44,+9.01,"Nov 24, 2020, 12 AMEDT",1.33,1.44,+8.68,"Aug 19, 2020, 12 AMEDT",1.28,1.36,+5.92,"May 20, 2020, 12 AMEDT",1.03,1.08,+5.06
"Feb 24, 2021, 12 AMEDT",2.55,2.96,+16.31,"Nov 04, 2020, 12 AMEDT",1.26,1.36,+8.11,"Aug 05, 2020, 12 AMEDT",1.16,1.55,+33.16,"May 06, 2020, 12 AMEDT",0.8,0.83,+4.01
"Jan 27, 2021, 12 AMEDT",2.52,2.54,+0.79,"Oct 28, 2020, 12 AMEDT",4.15,4.2,+1.16,"Jul 29, 2020, 12 AMEDT",8.88,9.2,+3.66,"Apr 29, 2020, 12 AMEDT",6.48,6.48,-0.02
"Feb 05, 2021, 12 AMEDT",2.46,2.62,+6.55,"Oct 30, 2020, 12 AMEDT",1.49,1.53,+2.68,"Jul 31, 2020, 12 AMEDT",1.93,1.96,+1.61,"May 01, 2020, 12 AMEDT",3.66,3.68,+0.52
"Feb 24, 2021, 12 AMEDT",-0.11,-0.05,+54.55,"Nov 04, 2020, 12 AMEDT",-0.35,-0.16,+54.55,"Jul 29, 2020, 12 AMEDT",-1.01,-0.74,+26.73,"May 06, 2020, 12 AMEDT",-0.33,-0.13,+61.08
"Jan 27, 2021, 12 AMEDT",1.41,1.68,+18.98,"Oct 29, 2020, 12 AMEDT",0.7,0.73,+4.29,"Jul 30, 2020, 12 AMEDT",0.51,0.65,+26.22,"Apr 30, 2020, 12 AMEDT",0.56,0.64,+12.92
"Feb 18, 2021, 12 AMEDT",1.28,1.39,+8.93,"Nov 12, 2020, 12 AMEDT",1.17,1.25,+6.75,"Aug 13, 2020, 12 AMEDT",0.95,1.06,+11.23,"May 14, 2020, 12 AMEDT",0.94,0.89,-5.12
"Feb 03, 2021, 12 AMEDT",1.01,1.13,+11.88,"Oct 29, 2020, 12 AMEDT",0.76,1.13,+48.49,"Jul 30, 2020, 12 AMEDT",-1.38,-1.1,+20.17,"May 05, 2020, 12 AMEDT",0.35,0.68,+95.97
"Jan 26, 2021, 12 AMEDT",1.1,1.21,+10.1,"Oct 29, 2020, 12 AMEDT",0.71,0.89,+24.65,"Jul 29, 2020, 12 AMEDT",0.51,0.85,+66.34,"Apr 29, 2020, 12 AMEDT",0.55,0.64,+16.58
"Feb 18, 2021, 12 AMEDT",2.39,2.49,+4.18,"Nov 02, 2020, 12 AMEDT",2.21,2.42,+9.5,"Aug 04, 2020, 12 AMEDT",1.95,2.11,+8.43,"May 05, 2020, 12 AMEDT",1.81,2.02,+11.6
"Jan 28, 2021, 12 AMEDT",0.78,0.88,+12.39,"Oct 29, 2020, 12 AMEDT",0.92,1.08,+17.01,"Jul 30, 2020, 12 AMEDT",0.73,0.94,+29.66,"Apr 30, 2020, 12 AMEDT",1.73,1.83,+5.72
"Feb 09, 2021, 12 AMEDT",2.08,1.82,-12.33,"Nov 02, 2020, 12 AMEDT",1,1.41,+41,"Aug 04, 2020, 12 AMEDT",2.09,2.75,+31.58,"May 05, 2020, 12 AMEDT",2.42,2.64,+8.87
"Jan 27, 2021, 12 AMEDT",0.73,0.75,+3.02,"Oct 22, 2020, 12 AMEDT",0.76,0.76,+0.13,"Jul 23, 2020, 12 AMEDT",0.79,0.83,+4.67,"Apr 22, 2020, 12 AMEDT",0.85,0.84,-0.94
"Feb 02, 2021, 12 AMEDT",1.58,1.71,+8.43,"Nov 11, 2020, 12 AMEDT",0.51,0.53,+3.11,"Aug 05, 2020, 12 AMEDT",0.76,0.79,+4.22,"May 06, 2020, 12 AMEDT",1.92,1.95,+1.62
"Feb 25, 2021, 12 AMEDT",1.07,1.18,+9.87,"Nov 24, 2020, 12 AMEDT",0.96,1.04,+8.22,"Aug 25, 2020, 12 AMEDT",0.9,0.98,+9.25,"May 27, 2020, 12 AMEDT",0.8,0.85,+6.12
"Jan 27, 2021, 12 AMEDT",1.29,1.52,+17.56,"Oct 28, 2020, 12 AMEDT",0.98,1.41,+44.02,"Jul 29, 2020, 12 AMEDT",0.96,1.14,+19.25,"Apr 29, 2020, 12 AMEDT",1.89,1.92,+1.43
"Mar 02, 2021, 12 AMEDT",12.84,14.93,+16.3,"Dec 08, 2020, 12 AMEDT",17.85,18.61,+4.27,"Sep 22, 2020, 12 AMEDT",25.01,30.93,+23.68,"May 26, 2020, 12 AMEDT",13.8,14.39,+4.28
"Feb 04, 2021, 12 AMEDT",0.86,2.44,+182.73,"Oct 28, 2020, 12 AMEDT",0.96,1.05,+9.15,"Jul 29, 2020, 12 AMEDT",1.03,1.21,+17.7,"May 06, 2020, 12 AMEDT",1.19,1.19,-
"Feb 03, 2021, 12 AMEDT",2.09,2.27,+8.82,"Oct 21, 2020, 12 AMEDT",1.53,1.91,+25.08,"Jul 27, 2020, 12 AMEDT",1.13,1.27,+11.99,"Apr 29, 2020, 12 AMEDT",1.5,1.66,+10.74
"Jan 21, 2021, 12 AMEDT",0.17,-0.07,-141.67,"Oct 21, 2020, 12 AMEDT",0.04,0.04,+11.11,"Jul 22, 2020, 12 AMEDT",-,-0.05,-900,"Apr 22, 2020, 12 AMEDT",0.11,0.11,-1.79
"Feb 04, 2021, 12 AMEDT",0.79,0.81,+3.18,"Nov 05, 2020, 12 AMEDT",0.77,0.89,+15.73,"Aug 06, 2020, 12 AMEDT",0.56,0.65,+15.66,"May 07, 2020, 12 AMEDT",0.6,0.61,+2.35
"Jan 19, 2021, 12 AMEDT",0.55,0.59,+7.86,"Oct 14, 2020, 12 AMEDT",0.49,0.51,+3.45,"Jul 16, 2020, 12 AMEDT",0.27,0.37,+38.58,"Apr 15, 2020, 12 AMEDT",0.46,0.4,-13.23
"Feb 04, 2021, 12 AMEDT",0.76,0.8,+5.54,"Oct 29, 2020, 12 AMEDT",0.73,0.83,+14.17,"Jul 30, 2020, 12 AMEDT",0.71,0.64,-9.99,"Apr 30, 2020, 12 AMEDT",0.72,0.82,+13.26
"Feb 04, 2021, 12 AMEDT",3.11,4.55,+46.21,"Nov 05, 2020, 12 AMEDT",2.52,2.79,+10.58,"Aug 06, 2020, 12 AMEDT",2.04,2.2,+7.84,"May 07, 2020, 12 AMEDT",2.32,2.55,+9.87
"Aug 08, 2020, 12 AMUTC",3517.8,3420,-2.78,"May 02, 2020, 12 AMUTC",3866.63,3617.38,-6.45,"Feb 22, 2020, 12 AMUTC",3612.56,2714.99,-24.85,"Nov 03, 2019, 12 AMUTC",2.84,3.07,+7.98
"Feb 25, 2021, 12 AMEDT",3.45,3.48,+0.81,"Nov 24, 2020, 12 AMEDT",1.7,2.06,+20.96,"Aug 25, 2020, 12 AMEDT",1.08,1.71,+58.92,"May 21, 2020, 12 AMEDT",0.5,0.67,+34.54
"Feb 11, 2021, 12 AMEDT",3.3,4.01,+21.7,"Oct 29, 2020, 12 AMEDT",1.8,3,+66.48,"Jul 30, 2020, 12 AMEDT",1.22,1.61,+31.64,"May 06, 2020, 12 AMEDT",1.57,1.91,+22.04
"Feb 03, 2021, 12 AMEDT",4.87,4.58,-5.95,"Oct 21, 2020, 12 AMEDT",8.04,8.84,+9.95,"Jul 22, 2020, 12 AMEDT",8.03,10.26,+27.72,"Apr 22, 2020, 12 AMEDT",7.73,9.14,+18.19
"Jan 14, 2021, 12 AMEDT",9.14,10.18,+11.38,"Oct 13, 2020, 12 AMEDT",7.8,9.22,+18.22,"Jul 17, 2020, 12 AMEDT",6.99,7.85,+12.26,"Apr 16, 2020, 12 AMEDT",6.36,6.6,+3.76
"Jan 27, 2021, 12 AMEDT",-1.8,-4.19,-133.3,"Oct 28, 2020, 12 AMEDT",-2.52,-1.39,+44.84,"Jul 29, 2020, 12 AMEDT",-2.54,-4.79,-88.51,"Apr 29, 2020, 12 AMEDT",-1.61,-1.7,-5.72
"Feb 24, 2021, 12 AMEDT",-4.28,-0.57,+86.67,"Nov 05, 2020, 12 AMEDT",14.13,12.27,-13.18,"Aug 06, 2020, 12 AMEDT",-10.29,-10.81,-5.07,"May 07, 2020, 12 AMEDT",5.64,3.77,-33.1
"Feb 11, 2021, 12 AMEDT",0.93,1.18,+27.02,"Oct 29, 2020, 12 AMEDT",0.75,0.88,+17.02,"Aug 05, 2020, 12 AMEDT",-0.45,-0.14,+69.16,"May 06, 2020, 12 AMEDT",0.5,0.77,+54.93
"Jan 26, 2021, 12 AMEDT",0.59,0.4,-32.55,"Oct 27, 2020, 12 AMEDT",0.51,0.58,+12.84,"Jul 28, 2020, 12 AMEDT",0.5,1.71,+244.06,"Apr 28, 2020, 12 AMEDT",0.81,3.2,+295.06
"Feb 03, 2021, 12 AMEDT",0.31,0.23,-26.52,"Oct 28, 2020, 12 AMEDT",0.25,0.37,+49.8,"Jul 29, 2020, 12 AMEDT",-0.02,0.08,+420,"Apr 29, 2020, 12 AMEDT",0.31,0.28,-10.83
"Feb 04, 2021, 12 AMEDT",1.42,1.46,+3.18,"Nov 05, 2020, 12 AMEDT",1.5,1.63,+9.03,"Aug 06, 2020, 12 AMEDT",1.48,1.63,+9.91,"May 07, 2020, 12 AMEDT",1.49,1.72,+15.75
"Mar 04, 2021, 12 AMEDT",6.56,6.61,+0.75,"Dec 10, 2020, 12 AMEDT",6.25,6.35,+1.62,"Sep 03, 2020, 12 AMEDT",5.24,5.4,+3.11,"Jun 04, 2020, 12 AMEDT",5.14,5.14,-0.02
"Feb 02, 2021, 12 AMEDT",0.71,0.73,+3.55,"Oct 30, 2020, 12 AMEDT",0.63,0.98,+55.56,"Aug 11, 2020, 12 AMEDT",2.09,2.15,+2.82,"May 08, 2020, 12 AMEDT",1.72,1.67,-3.02
"Sep 02, 2020, 12 AMUTC",0.32,0.67,+112.7,"Jun 09, 2020, 12 AMUTC",0.28,0.27,-3.91,"Mar 04, 2020, 12 AMUTC",0.5,0.48,-3.61,"Dec 05, 2019, 12 AMUTC",0.53,0.59,+12.38
"Jan 26, 2021, 12 AMEDT",0.98,1.08,+10.32,"Oct 27, 2020, 12 AMEDT",0.97,1,+2.77,"Jul 28, 2020, 12 AMEDT",0.6,1.06,+77.26,"Apr 28, 2020, 12 AMEDT",0.68,0.57,-16.05
"Feb 23, 2021, 12 AMEDT",0.21,0.26,+26.21,"Oct 29, 2020, 12 AMEDT",0.06,0.09,+42.86,"Jul 30, 2020, 12 AMEDT",0.02,0.05,+150,"Apr 30, 2020, 12 AMEDT",0.13,0.14,+6.06
"Feb 22, 2021, 12 AMEDT",0.74,0.83,+11.56,"Oct 19, 2020, 12 AMEDT",0.61,0.7,+15.51,"Jul 20, 2020, 12 AMEDT",0.52,0.66,+26.44,"Apr 20, 2020, 12 AMEDT",0.54,0.6,+10.7
"Mar 10, 2021, 12 AMEDT",0.84,0.84,+0.36,"Dec 09, 2020, 12 AMEDT",0.91,1.02,+12.21,"Sep 03, 2020, 12 AMEDT",0.6,0.63,+5.35,"Jun 03, 2020, 12 AMEDT",0.75,0.83,+10.08
"Jan 26, 2021, 12 AMEDT",2.86,5.35,+86.93,"Oct 22, 2020, 12 AMEDT",2.13,5.06,+137.22,"Jul 21, 2020, 12 AMEDT",-1.68,-2.21,-31.24,"Apr 23, 2020, 12 AMEDT",0.52,-3.1,-701.94
"Feb 05, 2021, 12 AMEDT",1.44,1.74,+20.58,"Nov 05, 2020, 12 AMEDT",1.13,1.51,+33.27,"Aug 06, 2020, 12 AMEDT",0.92,1.04,+13.54,"May 11, 2020, 12 AMEDT",1.43,1.62,+13.05
"Apr 01, 2021, 12 AMEDT",1.26,1.27,+1.11,"Dec 22, 2020, 12 AMEDT",1.14,1.42,+25,"Sep 24, 2020, 12 AMEDT",1.08,1.79,+65.89,"Jun 19, 2020, 12 AMEDT",0.04,0.03,-18.92
"Jan 26, 2021, 12 AMEDT",-1.94,-2.02,-4.12,"Oct 08, 2020, 12 AMEDT",-2.2,-2.19,+0.45,"Jul 10, 2020, 12 AMEDT",-2.26,-3.3,-45.82,"Mar 19, 2020, 12 AMEDT",0.27,0.22,-19.71
"Feb 09, 2021, 12 AMEDT",0.36,0.31,-13.89,"Oct 29, 2020, 12 AMEDT",0.47,0.67,+44.09,"Jul 30, 2020, 12 AMEDT",0.25,0.33,+33.06,"May 08, 2020, 12 AMEDT",0.33,0.35,+7.03
"Feb 02, 2021, 12 AMEDT",0.55,0.63,+13.72,"Nov 03, 2020, 12 AMEDT",0.37,0.43,+16.85,"Aug 31, 2020, 12 AMEDT",0.79,0.9,+13.92,"May 05, 2020, 12 AMEDT",0.48,0.5,+3.52
"Jan 29, 2021, 12 AMEDT",1.49,2.12,+42.57,"Oct 27, 2020, 12 AMEDT",1.18,1.34,+13.85,"Jul 31, 2020, 12 AMEDT",0.64,1.03,+59.94,"Apr 28, 2020, 12 AMEDT",1.69,1.6,-5.38
"Feb 05, 2021, 12 AMEDT",1.23,1.21,-1.55,"Oct 30, 2020, 12 AMEDT",1.06,1.11,+4.32,"Jul 31, 2020, 12 AMEDT",1.23,1.31,+6.24,"May 01, 2020, 12 AMEDT",1.55,1.65,+6.8
"Feb 23, 2021, 12 AMEDT",0.94,1.45,+54.42,"Oct 29, 2020, 12 AMEDT",0.42,0.73,+74.22,"Jul 31, 2020, 12 AMEDT",0.42,0.35,-17.45,"May 07, 2020, 12 AMEDT",0.72,0.75,+4.31
"Feb 10, 2021, 12 AMEDT",1.51,1.82,+20.37,"Nov 02, 2020, 12 AMEDT",1.51,1.83,+21.43,"Aug 05, 2020, 12 AMEDT",1.39,1.56,+12.64,"May 06, 2020, 12 AMEDT",1.34,1.38,+2.68
"Jan 28, 2021, 12 AMEDT",1.71,2.09,+21.94,"Oct 25, 2020, 12 AMEDT",1.71,1.95,+14.37,"Jul 28, 2020, 12 AMEDT",1.05,1.3,+23.34,"Apr 27, 2020, 12 AMEDT",2.24,2.29,+2.19
"Feb 09, 2021, 12 AMEDT",0.47,0.46,-2.13,"Oct 27, 2020, 12 AMEDT",0.97,1.26,+29.76,"Jul 28, 2020, 12 AMEDT",2.38,2.4,+0.76,"Apr 28, 2020, 12 AMEDT",0.99,0.86,-12.87
"Feb 25, 2021, 12 AMEDT",0.2,0.29,+43.56,"Nov 05, 2020, 12 AMEDT",0.3,0.34,+11.84,"Aug 06, 2020, 12 AMEDT",0.21,0.21,+0.96,"May 07, 2020, 12 AMEDT",0.44,0.65,+49.08
"Feb 10, 2021, 12 AMEDT",0.78,0.78,-0.13,"Oct 28, 2020, 12 AMEDT",0.72,0.72,+0.7,"Jul 29, 2020, 12 AMEDT",0.61,0.63,+2.77,"Apr 28, 2020, 12 AMEDT",0.7,0.71,+2.01
"Feb 17, 2021, 12 AMEDT",0.11,0.4,+266.97,"Nov 04, 2020, 12 AMEDT",0.07,-0.13,-275.68,"Aug 05, 2020, 12 AMEDT",0.65,0.89,+36.71,"May 06, 2020, 12 AMEDT",0.26,0.31,+20.62
"Jan 19, 2021, 12 AMEDT",0.71,0.74,+4.82,"Oct 15, 2020, 12 AMEDT",0.46,0.51,+11.6,"Jul 16, 2020, 12 AMEDT",0.53,0.54,+2.47,"Apr 15, 2020, 12 AMEDT",0.62,0.61,-1.93
"Jan 29, 2021, 12 AMEDT",4.89,6.05,+23.75,"Oct 30, 2020, 12 AMEDT",3.03,3.9,+28.71,"Jul 31, 2020, 12 AMEDT",2.44,3.63,+48.65,"May 01, 2020, 12 AMEDT",2.73,1.86,-31.82
"Jan 29, 2021, 12 AMEDT",0.07,-0.01,-113.89,"Oct 30, 2020, 12 AMEDT",-0.26,0.11,+141.83,"Jul 31, 2020, 12 AMEDT",-0.88,-1.59,-80.07,"May 01, 2020, 12 AMEDT",0.68,1.29,+89.15
"Feb 02, 2021, 12 AMEDT",3.73,3.48,-6.73,"Oct 21, 2020, 12 AMEDT",3.47,3.76,+8.48,"Jul 22, 2020, 12 AMEDT",0.35,0.4,+13.31,"Apr 21, 2020, 12 AMEDT",2.91,3.08,+5.84
"Feb 02, 2021, 12 AMEDT",2.82,3.18,+12.65,"Oct 27, 2020, 12 AMEDT",2.19,2,-8.76,"Jul 28, 2020, 12 AMEDT",-0.66,-0.56,+15.02,"Apr 21, 2020, 12 AMEDT",2.57,2.68,+4.4
"Jan 29, 2021, 12 AMEDT",0.52,0.53,+1.15,"Oct 29, 2020, 12 AMEDT",0.67,0.7,+3.86,"Jul 31, 2020, 12 AMEDT",0.63,0.77,+21.84,"Apr 30, 2020, 12 AMEDT",0.77,0.83,+7.24
"Feb 04, 2021, 12 AMEDT",3.68,3.51,-4.54,"Nov 05, 2020, 12 AMEDT",4.24,4.41,+3.91,"Jul 30, 2020, 12 AMEDT",5.15,5.81,+12.82,"Apr 30, 2020, 12 AMEDT",4.35,4.69,+7.82
"Feb 10, 2021, 12 AMEDT",1.19,1.61,+35.41,"Oct 26, 2020, 12 AMEDT",0.33,0.39,+18.54,"Jul 27, 2020, 12 AMEDT",0.39,0.44,+13.7,"Apr 27, 2020, 12 AMEDT",1.05,0.84,-19.62
"Mar 17, 2021, 12 AMEDT",2.22,2.37,+7,"Dec 22, 2020, 12 AMEDT",2.19,2.62,+19.91,"Sep 23, 2020, 12 AMEDT",2.13,2.78,+30.52,"Jul 23, 2020, 12 AMEDT",1.21,1.35,+11.39
"Feb 08, 2021, 12 AMEDT",0.76,0.79,+4.5,"Nov 12, 2020, 12 AMEDT",0.7,0.76,+7.95,"Aug 12, 2020, 12 AMEDT",0.74,0.8,+8.4,"May 13, 2020, 12 AMEDT",0.69,0.79,+14.16
"Jan 15, 2021, 12 AMEDT",1.34,2.08,+55.46,"Oct 13, 2020, 12 AMEDT",0.93,1.4,+51.35,"Jul 14, 2020, 12 AMEDT",0.28,0.5,+79.86,"Apr 15, 2020, 12 AMEDT",1.04,1.05,+0.57
"Jan 20, 2021, 12 AMEDT",0.91,0.99,+8.67,"Oct 16, 2020, 12 AMEDT",0.74,0.68,-8.11,"Jul 17, 2020, 12 AMEDT",0.08,0.53,+554.32,"Apr 17, 2020, 12 AMEDT",0.38,0.03,-92
"Jan 19, 2021, 12 AMEDT",1.33,1.46,+9.53,"Oct 22, 2020, 12 AMEDT",1.25,1.38,+10.84,"Jul 23, 2020, 12 AMEDT",1.23,1.53,+23.99,"Apr 23, 2020, 12 AMEDT",1.17,1.73,+47.36
"Feb 10, 2021, 12 AMEDT",1.37,1.39,+1.68,"Oct 28, 2020, 12 AMEDT",1.41,1.38,-2.13,"Jul 29, 2020, 12 AMEDT",1.62,1.63,+0.68,"Apr 29, 2020, 12 AMEDT",2.23,2.33,+4.34
"Feb 04, 2021, 12 AMEDT",0.55,0.56,+1.08,"Oct 29, 2020, 12 AMEDT",0.72,0.77,+7.24,"Aug 03, 2020, 12 AMEDT",0.42,0.49,+15.57,"Apr 27, 2020, 12 AMEDT",0.79,0.86,+8.59
"Feb 10, 2021, 12 AMEDT",0.42,0.47,+12.44,"Oct 22, 2020, 12 AMEDT",0.46,0.55,+18.79,"Jul 21, 2020, 12 AMEDT",0.4,0.42,+5,"Apr 21, 2020, 12 AMEDT",0.44,0.51,+14.86
"Feb 03, 2021, 12 AMEDT",0.9,0.67,-25.39,"Oct 28, 2020, 12 AMEDT",0.91,0.97,+7.18,"Jul 29, 2020, 12 AMEDT",0.69,0.82,+18.5,"May 07, 2020, 12 AMEDT",0.92,0.96,+3.9
"Jan 29, 2021, 12 AMEDT",0.76,0.77,+0.79,"Oct 30, 2020, 12 AMEDT",0.7,0.79,+12.54,"Jul 31, 2020, 12 AMEDT",0.7,0.74,+6.47,"May 01, 2020, 12 AMEDT",0.74,0.75,+1.9
"Jan 28, 2021, 12 AMEDT",0.48,0.56,+16.18,"Oct 29, 2020, 12 AMEDT",0.52,0.65,+25.73,"Jul 30, 2020, 12 AMEDT",0.55,0.69,+24.77,"Apr 30, 2020, 12 AMEDT",0.68,0.71,+4.87
"Jan 19, 2021, 12 AMEDT",1.19,1.49,+25.53,"Oct 20, 2020, 12 AMEDT",0.83,1.44,+73.91,"Jul 21, 2020, 12 AMEDT",0.21,0.8,+273.83,"Apr 21, 2020, 12 AMEDT",0.95,-0.46,-148.22
"Jan 07, 2021, 12 AMEDT",0.74,0.81,+10.2,"Oct 01, 2020, 12 AMEDT",0.57,0.7,+21.95,"Jun 30, 2020, 12 AMEDT",0.66,0.75,+14.33,"Mar 31, 2020, 12 AMEDT",0.49,0.47,-3.29
"Feb 02, 2021, 12 AMEDT",-0.28,-0.19,+33.1,"Oct 29, 2020, 12 AMEDT",-0.32,-0.31,+2.52,"Jul 30, 2020, 12 AMEDT",-0.58,-0.92,-59.72,"Apr 30, 2020, 12 AMEDT",0.23,0.45,+95.65
"Feb 18, 2021, 12 AMEDT",0.76,0.75,-0.79,"Nov 05, 2020, 12 AMEDT",1.51,1.48,-1.66,"Aug 06, 2020, 12 AMEDT",0.54,0.6,+11.32,"May 07, 2020, 12 AMEDT",1.4,1.35,-3.85
"Jan 07, 2021, 12 AMEDT",2.39,3.09,+29.23,"Oct 01, 2020, 12 AMEDT",2.51,2.76,+10.09,"Jul 01, 2020, 12 AMEDT",2.01,2.3,+14.37,"Apr 03, 2020, 12 AMEDT",1.65,2.06,+25.08
"Feb 18, 2021, 12 AMEDT",0.79,0.8,+0.76,"Nov 18, 2020, 12 AMEDT",0.71,0.79,+11.42,"Sep 02, 2020, 12 AMEDT",0.38,0.69,+79.69,"May 20, 2020, 12 AMEDT",0.64,0.58,-9.09
"Jan 27, 2021, 12 AMEDT",0.49,0.52,+7.22,"Oct 27, 2020, 12 AMEDT",0.38,0.43,+14.67,"Jul 28, 2020, 12 AMEDT",0.12,0.25,+110.08,"Apr 28, 2020, 12 AMEDT",0.17,0.2,+18.34
"Feb 03, 2021, 12 AMEDT",-0.05,0.04,+176.92,"Nov 04, 2020, 12 AMEDT",-0.42,-0.39,+7.58,"Aug 05, 2020, 12 AMEDT",1.24,1.26,+1.61,"May 06, 2020, 12 AMEDT",0.4,0.59,+47.87
"Mar 04, 2021, 12 AMEDT",2.45,2.14,-12.62,"Dec 10, 2020, 12 AMEDT",2.05,2.3,+12.14,"Sep 24, 2020, 12 AMEDT",2.84,3.04,+7.19,"May 28, 2020, 12 AMEDT",1.95,1.89,-3.03
"Jan 27, 2021, 12 AMEDT",0.63,0.34,-45.69,"Oct 21, 2020, 12 AMEDT",0.51,0.38,-24.75,"Jul 29, 2020, 12 AMEDT",0.5,0.41,-17.67,"Apr 29, 2020, 12 AMEDT",0.49,0.38,-22.13
"Jan 21, 2021, 12 AMEDT",1,1.04,+3.48,"Oct 21, 2020, 12 AMEDT",0.93,0.96,+3.56,"Jul 22, 2020, 12 AMEDT",0.64,0.65,+2.2,"Apr 22, 2020, 12 AMEDT",0.94,1,+6.38
"Feb 04, 2021, 12 AMEDT",2.8,3.36,+20.09,"Oct 27, 2020, 12 AMEDT",2.43,3.57,+47.03,"Jul 28, 2020, 12 AMEDT",0.93,1.95,+110.58,"Apr 28, 2020, 12 AMEDT",2.17,3.18,+46.88
"Feb 16, 2021, 12 AMEDT",1.24,1.3,+5.09,"Nov 06, 2020, 12 AMEDT",1.33,1.66,+24.81,"Aug 05, 2020, 12 AMEDT",1.93,2.64,+36.86,"May 06, 2020, 12 AMEDT",1.63,1.91,+17.39
"Jan 26, 2021, 12 AMEDT",1.69,2.14,+26.78,"Nov 10, 2020, 12 AMEDT",1.76,2.24,+27.56,"Jul 28, 2020, 12 AMEDT",1.31,1.72,+31.8,"Apr 28, 2020, 12 AMEDT",1.12,1.3,+15.97
"Jan 28, 2021, 12 AMEDT",1.87,2.08,+11.17,"Oct 22, 2020, 12 AMEDT",1.36,1.72,+26.19,"Jul 23, 2020, 12 AMEDT",1.09,1.44,+31.87,"May 06, 2020, 12 AMEDT",1.02,1.05,+2.94
"Mar 25, 2021, 12 AMEDT",0.69,0.98,+41.21,"Dec 18, 2020, 12 AMEDT",0.71,0.74,+3.93,"Sep 24, 2020, 12 AMEDT",0.05,0.56,+976.92,"Jun 25, 2020, 12 AMEDT",-1.64,-1.24,+24.62
"Feb 11, 2021, 12 AMEDT",1.87,1.67,-10.74,"Oct 29, 2020, 12 AMEDT",1.44,1.8,+25.09,"Jul 30, 2020, 12 AMEDT",1.3,1.95,+50,"May 05, 2020, 12 AMEDT",1.47,1.83,+24.15
"Feb 19, 2021, 12 AMEDT",2.17,3.87,+78.75,"Nov 25, 2020, 12 AMEDT",1.49,2.39,+60.3,"Aug 21, 2020, 12 AMEDT",1.26,2.57,+103.65,"May 22, 2020, 12 AMEDT",1.62,2.11,+30.25
"Jan 14, 2021, 12 AMEDT",-2.5,-2.53,-1.2,"Oct 13, 2020, 12 AMEDT",-3,-3.3,-10.11,"Jul 14, 2020, 12 AMEDT",-4.07,-4.43,-8.82,"Apr 22, 2020, 12 AMEDT",-0.7,-0.51,+26.72
"Mar 01, 2021, 12 AMEDT",0.64,0.87,+35.73,"Nov 05, 2020, 12 AMEDT",0.32,0.67,+110.69,"Aug 06, 2020, 12 AMEDT",-0.02,-0.18,-650,"May 08, 2020, 12 AMEDT",0.39,0.43,+11.69
"Feb 16, 2021, 12 AMEDT",0.03,-,-100,"Oct 29, 2020, 12 AMEDT",-0.1,-0.04,+58.76,"Aug 04, 2020, 12 AMEDT",-0.26,-0.18,+30.5,"May 05, 2020, 12 AMEDT",-0.22,0.13,+158.56
"Feb 11, 2021, 12 AMEDT",0.92,0.91,-0.55,"Oct 27, 2020, 12 AMEDT",0.65,0.94,+44.62,"Jul 28, 2020, 12 AMEDT",0.35,0.79,+127.01,"Apr 28, 2020, 12 AMEDT",0.14,0.44,+207.69
"Feb 22, 2021, 12 AMEDT",0.81,0.82,+0.74,"Nov 02, 2020, 12 AMEDT",0.37,0.62,+69.4,"Aug 03, 2020, 12 AMEDT",0.02,0.15,+837.5,"May 04, 2020, 12 AMEDT",1.29,1.45,+12.14
"Feb 11, 2021, 12 AMEDT",0.26,0.16,-38.46,"Oct 29, 2020, 12 AMEDT",0.27,-0.14,-152.63,"Jul 30, 2020, 12 AMEDT",0.36,0.2,-43.66,"May 07, 2020, 12 AMEDT",0.46,0.9,+94.38
"Jan 20, 2021, 12 AMEDT",2.42,2.59,+6.89,"Oct 21, 2020, 12 AMEDT",1.56,2.45,+56.65,"Jul 22, 2020, 12 AMEDT",-0.28,-1.2,-321.05,"Apr 22, 2020, 12 AMEDT",0.78,-0.25,-131.93
"Feb 22, 2021, 12 AMEDT",0.72,0.76,+6.15,"Nov 05, 2020, 12 AMEDT",0.66,0.81,+23.66,"Aug 05, 2020, 12 AMEDT",0.71,0.77,+9.22,"May 06, 2020, 12 AMEDT",0.84,0.87,+3.45
"Feb 22, 2021, 12 AMEDT",0.7,0.76,+8.26,"Nov 05, 2020, 12 AMEDT",0.62,0.81,+30.43,"Aug 05, 2020, 12 AMEDT",0.69,0.77,+11.11,"May 06, 2020, 12 AMEDT",0.83,0.87,+5.45
"Feb 22, 2021, 12 AMEDT",0.75,1.25,+66.22,"Nov 06, 2020, 12 AMEDT",0.7,0.86,+22.33,"Aug 07, 2020, 12 AMEDT",0.59,0.78,+33.33,"May 07, 2020, 12 AMEDT",0.57,0.13,-77.39
"Mar 18, 2021, 12 AMEDT",2.72,2.62,-3.78,"Dec 03, 2020, 12 AMEDT",2,2.31,+15.38,"Aug 27, 2020, 12 AMEDT",2.44,3.12,+27.61,"May 28, 2020, 12 AMEDT",1.74,2.56,+46.87
"Mar 03, 2021, 12 AMEDT",2.11,2.13,+1.09,"Nov 24, 2020, 12 AMEDT",1.15,1.39,+20.45,"Aug 27, 2020, 12 AMEDT",0.92,1.1,+19.7,"May 28, 2020, 12 AMEDT",0.85,1.04,+22.79
"Feb 12, 2021, 12 AMEDT",0.8,0.81,+1.63,"Nov 05, 2020, 12 AMEDT",0.99,1.08,+9.09,"Jul 31, 2020, 12 AMEDT",0.76,0.82,+7.75,"May 05, 2020, 12 AMEDT",1.09,1.09,-0.37
"Feb 25, 2021, 12 AMEDT",3.89,3.85,-1.1,"Oct 08, 2020, 12 AMEDT",2.79,2.49,-10.59,"Jul 16, 2020, 12 AMEDT",2.24,2.99,+33.36,"Apr 23, 2020, 12 AMEDT",2.32,3.07,+32.27
"Jan 28, 2021, 12 AMEDT",1.38,1.55,+12.24,"Oct 20, 2020, 12 AMEDT",1.32,1.6,+20.94,"Jul 22, 2020, 12 AMEDT",0.93,1.13,+22.03,"Apr 21, 2020, 12 AMEDT",1.21,1.39,+14.59
"Jan 28, 2021, 12 AMEDT",0.67,0.81,+20.9,"Oct 22, 2020, 12 AMEDT",0.33,0.5,+49.7,"Jul 23, 2020, 12 AMEDT",-0.3,-0.26,+13.04,"Apr 30, 2020, 12 AMEDT",0.59,0.59,-
"Feb 19, 2021, 12 AMEDT",1.24,1.39,+11.74,"Oct 27, 2020, 12 AMEDT",2.07,2.61,+26.15,"Jul 28, 2020, 12 AMEDT",1.28,1.53,+19.34,"Apr 28, 2020, 12 AMEDT",1.74,1.66,-4.43
"Feb 11, 2021, 12 AMEDT",1.03,1.03,-0.29,"Nov 05, 2020, 12 AMEDT",1.79,1.87,+4.59,"Aug 10, 2020, 12 AMEDT",1.03,1.08,+4.55,"May 12, 2020, 12 AMEDT",1.19,1.14,-4.28
"Jan 27, 2021, 12 AMEDT",0.15,0.45,+192.21,"Oct 28, 2020, 12 AMEDT",0.14,0.19,+35.71,"Jul 29, 2020, 12 AMEDT",0.13,0.11,-12,"Apr 29, 2020, 12 AMEDT",0.1,0.05,-50
"Dec 31, 2020, 12 AMEDT",0.92,0.95,+3.26,"Sep 30, 2020, 12 AMEDT",0.77,0.88,+14.29,"Jun 30, 2020, 12 AMEDT",0.59,0.7,+18.64,"Mar 31, 2020, 12 AMEDT",0.83,0.84,+1.2
"Feb 04, 2021, 12 AMEDT",0.54,0.84,+54.41,"Nov 05, 2020, 12 AMEDT",0.38,0.64,+69.76,"Aug 06, 2020, 12 AMEDT",0.12,0.21,+79.49,"May 28, 2020, 12 AMEDT",0.97,1.2,+23.84
"Jan 28, 2021, 12 AMEDT",1.5,1.69,+12.44,"Oct 29, 2020, 12 AMEDT",1.37,1.57,+14.77,"Aug 03, 2020, 12 AMEDT",1.05,0.85,-19.05,"Apr 30, 2020, 12 AMEDT",1.71,2.03,+18.44
"Feb 02, 2021, 12 AMEDT",1.21,1.28,+6.22,"Nov 03, 2020, 12 AMEDT",1.05,1.18,+12.92,"Jul 29, 2020, 12 AMEDT",0.53,0.7,+32.08,"Apr 30, 2020, 12 AMEDT",1.07,1.09,+1.96
"Feb 03, 2021, 12 AMEDT",0.83,0.86,+3.49,"Oct 28, 2020, 12 AMEDT",0.77,0.85,+9.82,"Jul 28, 2020, 12 AMEDT",1.06,1.08,+2.18,"Apr 29, 2020, 12 AMEDT",0.72,0.77,+7.09
"Feb 16, 2021, 12 AMEDT",1.25,1.23,-1.44,"Oct 27, 2020, 12 AMEDT",1.12,1.15,+2.68,"Jul 28, 2020, 12 AMEDT",0.85,0.65,-23.17,"Apr 28, 2020, 12 AMEDT",1.06,1.13,+6.2
"Feb 25, 2021, 12 AMEDT",1.2,1.19,-0.5,"Oct 27, 2020, 12 AMEDT",1.47,1.67,+13.53,"Jul 28, 2020, 12 AMEDT",1.11,1,-10.23,"Apr 30, 2020, 12 AMEDT",0.79,0.63,-20.25
"Jan 27, 2021, 12 AMEDT",0.53,0.5,-6.02,"Oct 21, 2020, 12 AMEDT",0.44,0.51,+15.12,"Jul 23, 2020, 12 AMEDT",0.17,0.34,+98.83,"Apr 23, 2020, 12 AMEDT",0.45,0.5,+13.03
"Feb 02, 2021, 12 AMEDT",2.96,3.06,+3.38,"Nov 05, 2020, 12 AMEDT",0.03,0.05,+100,"Jul 30, 2020, 12 AMEDT",0.79,1.42,+80.43,"May 05, 2020, 12 AMEDT",0.98,1.08,+10.2
"Feb 02, 2021, 12 AMEDT",0.68,0.83,+21.88,"Nov 03, 2020, 12 AMEDT",0.95,1.1,+16.4,"Aug 04, 2020, 12 AMEDT",0.6,0.8,+34,"Apr 21, 2020, 12 AMEDT",0.74,0.89,+20.6
"Feb 09, 2021, 12 AMEDT",0.41,0.51,+25.93,"Oct 27, 2020, 12 AMEDT",0.24,0.3,+24.48,"Aug 04, 2020, 12 AMEDT",0.14,0.17,+17.24,"May 05, 2020, 12 AMEDT",0.32,0.38,+20.25
"Feb 24, 2021, 12 AMEDT",0.67,0.71,+6.77,"Oct 28, 2020, 12 AMEDT",2.39,2.44,+1.96,"Jul 29, 2020, 12 AMEDT",1.26,1.37,+8.47,"May 11, 2020, 12 AMEDT",0.93,1.14,+23.24
"Feb 25, 2021, 12 AMEDT",0.35,0.71,+100.56,"Nov 05, 2020, 12 AMEDT",0.19,0.43,+128.72,"Aug 06, 2020, 12 AMEDT",-0.05,-0.23,-360,"May 07, 2020, 12 AMEDT",0.66,0.55,-16.41
"Feb 10, 2021, 12 AMEDT",1.83,2,+9.47,"Oct 21, 2020, 12 AMEDT",1.6,1.87,+16.95,"Jul 22, 2020, 12 AMEDT",1.3,1.6,+23.27,"Apr 20, 2020, 12 AMEDT",1.28,1.4,+9.03
"Feb 10, 2021, 12 AMEDT",1.53,0.57,-62.82,"Oct 28, 2020, 12 AMEDT",1.68,0.74,-55.87,"Jul 29, 2020, 12 AMEDT",1.64,1.52,-7.09,"May 06, 2020, 12 AMEDT",1.81,1.38,-23.8
"Feb 10, 2021, 12 AMEDT",0.24,0.68,+188.14,"Oct 27, 2020, 12 AMEDT",0.34,0.24,-29.62,"Jul 28, 2020, 12 AMEDT",0.36,0.7,+95.53,"May 05, 2020, 12 AMEDT",0.33,0.83,+152.28
"Feb 04, 2021, 12 AMEDT",1.01,1.47,+44.83,"Oct 28, 2020, 12 AMEDT",1.05,1.13,+8.03,"Aug 03, 2020, 12 AMEDT",1.08,1.29,+19.78,"May 06, 2020, 12 AMEDT",1.51,4.76,+215.23
"Feb 05, 2021, 12 AMEDT",1.69,2.61,+54.62,"Nov 02, 2020, 12 AMEDT",0.9,1.44,+59.82,"Aug 20, 2020, 12 AMEDT",-0.19,-0.53,-174.61,"May 01, 2020, 12 AMEDT",0.73,0.85,+17.08
"Feb 25, 2021, 12 AMEDT",0.59,1.08,+82.74,"Oct 28, 2020, 12 AMEDT",0.6,0.7,+16.67,"Aug 05, 2020, 12 AMEDT",0.39,0.75,+92.31,"May 06, 2020, 12 AMEDT",0.19,0.1,-47.64
"Feb 08, 2021, 12 AMEDT",-1.16,-1.12,+3.78,"Oct 29, 2020, 12 AMEDT",1.67,2.42,+45.35,"Aug 05, 2020, 12 AMEDT",1.63,2.07,+26.99,"May 06, 2020, 12 AMEDT",3.62,4.03,+11.48
"Feb 26, 2021, 12 AMEDT",0.22,0.28,+27.27,"Nov 05, 2020, 12 AMEDT",1.57,1.73,+10.19,"Aug 05, 2020, 12 AMEDT",0.68,0.68,-0.29,"May 06, 2020, 12 AMEDT",0.42,0.41,-3.3
"Feb 16, 2021, 12 AMEDT",0.85,0.85,-0.23,"Nov 03, 2020, 12 AMEDT",1.02,1.02,-0.2,"Jul 30, 2020, 12 AMEDT",0.76,0.76,-0.52,"May 06, 2020, 12 AMEDT",1.01,1.02,+0.89
"Feb 24, 2021, 12 AMEDT",0.69,0.76,+9.83,"Nov 03, 2020, 12 AMEDT",0.87,1.04,+19.13,"Aug 04, 2020, 12 AMEDT",0.43,0.55,+28.21,"May 08, 2020, 12 AMEDT",0.85,0.87,+2.84
"Feb 11, 2021, 12 AMEDT",-1.97,-2.64,-34.15,"Nov 04, 2020, 12 AMEDT",-0.79,-0.22,+72.22,"Jul 30, 2020, 12 AMEDT",-3.34,-4.09,-22.46,"May 20, 2020, 12 AMEDT",-1.23,-1.83,-49.14
"Feb 16, 2021, 12 AMEDT",1.07,1.16,+8.61,"Nov 03, 2020, 12 AMEDT",0.98,1.12,+13.82,"Aug 04, 2020, 12 AMEDT",0.71,1.09,+52.66,"May 05, 2020, 12 AMEDT",0.64,0.71,+11.46
"Feb 22, 2021, 12 AMEDT",0.9,1.19,+31.78,"Nov 04, 2020, 12 AMEDT",0.79,0.88,+12.1,"Aug 04, 2020, 12 AMEDT",0.73,0.8,+9.59,"May 06, 2020, 12 AMEDT",0.76,0.83,+9.5
"Feb 02, 2021, 12 AMEDT",0.01,0.03,+150,"Oct 30, 2020, 12 AMEDT",-0.25,-0.18,+28.85,"Jul 31, 2020, 12 AMEDT",-0.61,-0.7,-14.38,"May 01, 2020, 12 AMEDT",-,0.53,-
"Jan 26, 2021, 12 AMEDT",2.47,2.59,+5.07,"Oct 26, 2020, 12 AMEDT",2.37,2.43,+2.36,"Jul 27, 2020, 12 AMEDT",2.04,2.18,+7.07,"Apr 27, 2020, 12 AMEDT",1.96,2.23,+13.78
"Jan 27, 2021, 12 AMEDT",3.22,3.88,+20.61,"Oct 29, 2020, 12 AMEDT",1.91,2.71,+42.18,"Jul 30, 2020, 12 AMEDT",1.39,1.8,+29.59,"Apr 29, 2020, 12 AMEDT",1.76,1.71,-2.56
"Jan 20, 2021, 12 AMEDT",0.33,0.34,+3.03,"Oct 13, 2020, 12 AMEDT",0.37,0.38,+1.6,"Jul 14, 2020, 12 AMEDT",0.36,0.42,+16.99,"Apr 14, 2020, 12 AMEDT",0.34,0.35,+2.04
"Feb 11, 2021, 12 AMEDT",0.29,1.22,+317.81,"Nov 05, 2020, 12 AMEDT",0.36,-0.41,-212.95,"Aug 05, 2020, 12 AMEDT",0.55,0.11,-80.11,"May 06, 2020, 12 AMEDT",0.72,0.7,-3.05
"Mar 18, 2021, 12 AMEDT",3.23,3.47,+7.3,"Dec 17, 2020, 12 AMEDT",4.01,4.83,+20.51,"Sep 15, 2020, 12 AMEDT",2.69,4.87,+81.18,"Jun 30, 2020, 12 AMEDT",1.52,2.53,+66.78
"Feb 09, 2021, 12 AMEDT",1.56,1.62,+4.05,"Oct 29, 2020, 12 AMEDT",1.41,1.42,+0.57,"Aug 04, 2020, 12 AMEDT",1.1,1.15,+4.64,"May 07, 2020, 12 AMEDT",1.28,1.28,+0.16
"Jan 21, 2021, 12 AMEDT",0.69,0.78,+13.7,"Oct 22, 2020, 12 AMEDT",0.6,0.78,+30,"Jul 23, 2020, 12 AMEDT",0.2,0.23,+16.16,"Apr 21, 2020, 12 AMEDT",0.33,0.04,-87.77
"Jan 14, 2021, 12 AMEDT",1.52,1.6,+4.99,"Oct 13, 2020, 12 AMEDT",1.39,1.61,+15.91,"Jul 14, 2020, 12 AMEDT",1.17,1.4,+19.97,"Apr 14, 2020, 12 AMEDT",1.02,1.2,+17.99
"Feb 18, 2021, 12 AMEDT",0.47,0.32,-31.33,"Nov 02, 2020, 12 AMEDT",0.79,0.84,+6.06,"Jul 23, 2020, 12 AMEDT",0.54,0.57,+4.97,"Apr 23, 2020, 12 AMEDT",0.63,0.66,+4.6
"Feb 09, 2021, 12 AMEDT",1.29,1.3,+0.7,"Oct 27, 2020, 12 AMEDT",1.16,1.2,+3.63,"Aug 05, 2020, 12 AMEDT",0.93,0.93,-0.11,"May 07, 2020, 12 AMEDT",0.99,0.99,+0.2
"Feb 04, 2021, 12 AMEDT",2.82,3.01,+6.93,"Nov 05, 2020, 12 AMEDT",2.65,2.8,+5.74,"Aug 06, 2020, 12 AMEDT",2.17,2.28,+5.07,"May 07, 2020, 12 AMEDT",2.83,3,+6.04
"Feb 25, 2021, 12 AMEDT",0.62,0.78,+26.01,"Oct 30, 2020, 12 AMEDT",0.55,0.64,+16.79,"Aug 06, 2020, 12 AMEDT",0.52,0.64,+23.55,"May 06, 2020, 12 AMEDT",0.42,0.42,+0.24
"Feb 23, 2021, 12 AMEDT",0.53,0.53,-0.38,"Nov 05, 2020, 12 AMEDT",0.44,0.5,+12.61,"Jul 30, 2020, 12 AMEDT",0.28,0.53,+87.28,"May 07, 2020, 12 AMEDT",0.41,0.21,-48.15
"Feb 09, 2021, 12 AMEDT",1.44,1.42,-1.39,"Nov 02, 2020, 12 AMEDT",1.11,1.22,+9.71,"Aug 04, 2020, 12 AMEDT",1.66,1.72,+3.74,"May 05, 2020, 12 AMEDT",1.78,1.84,+3.43
"Feb 04, 2021, 12 AMEDT",-0.07,0.34,+607.46,"Oct 28, 2020, 12 AMEDT",0.19,0.65,+238.54,"Jul 30, 2020, 12 AMEDT",-1.17,-0.35,+70.19,"Apr 28, 2020, 12 AMEDT",-0.12,-0.23,-88.52
"Feb 04, 2021, 12 AMEDT",0.97,1.06,+9.73,"Oct 29, 2020, 12 AMEDT",0.78,0.88,+13.11,"Aug 06, 2020, 12 AMEDT",0.65,0.82,+25.57,"May 06, 2020, 12 AMEDT",0.51,0.6,+17.88
"Feb 04, 2021, 12 AMEDT",0.62,0.7,+12.72,"Oct 27, 2020, 12 AMEDT",0.85,0.94,+10.46,"Jul 28, 2020, 12 AMEDT",0.58,0.68,+16.84,"Apr 30, 2020, 12 AMEDT",0.71,0.74,+4.82
"Feb 02, 2021, 12 AMEDT",1.17,1.25,+7.3,"Oct 28, 2020, 12 AMEDT",1.06,1.19,+12.26,"Jul 29, 2020, 12 AMEDT",0.6,0.94,+57.98,"Apr 30, 2020, 12 AMEDT",0.67,0.81,+20.72
"Feb 09, 2021, 12 AMEDT",-0.03,0.16,+633.33,"Nov 03, 2020, 12 AMEDT",0.74,1.18,+60.33,"Aug 04, 2020, 12 AMEDT",0.57,0.62,+9.54,"May 06, 2020, 12 AMEDT",0.7,0.93,+32.48
"Feb 09, 2021, 12 AMEDT",-0.15,0.37,+241.93,"Nov 03, 2020, 12 AMEDT",0.76,1.83,+41.53,"Aug 04, 2020, 12 AMEDT",0.58,0.2,-290,"May 06, 2020, 12 AMEDT",0.7,0.13,-538.46
"Feb 02, 2021, 12 AMEDT",0.72,0.73,+1.25,"Oct 27, 2020, 12 AMEDT",0.69,0.56,-18.37,"Jul 28, 2020, 12 AMEDT",0.55,0.7,+28.21,"Apr 30, 2020, 12 AMEDT",0.42,0.66,+57.89
"Jan 26, 2021, 12 AMEDT",0.38,0.39,+1.56,"Oct 22, 2020, 12 AMEDT",0.21,0.29,+36.15,"Jul 23, 2020, 12 AMEDT",-0.02,0.03,+242.86,"Apr 24, 2020, 12 AMEDT",-0.18,-0.16,+12.09
"Mar 04, 2021, 12 AMEDT",0.18,0.28,+58.19,"Nov 24, 2020, 12 AMEDT",0.32,0.25,-21.14,"Aug 27, 2020, 12 AMEDT",-0.41,-0.17,+58.74,"Jun 04, 2020, 12 AMEDT",-0.67,-2.51,-272.96
"Feb 17, 2021, 12 AMEDT",1.39,1.73,+24.28,"Oct 28, 2020, 12 AMEDT",0.99,1.58,+59.76,"Jul 29, 2020, 12 AMEDT",0.39,0.91,+132.14,"Apr 29, 2020, 12 AMEDT",0.84,0.91,+8.33
"Feb 09, 2021, 12 AMEDT",0.82,1.59,+94.85,"Nov 03, 2020, 12 AMEDT",0.53,0.91,+73.33,"Aug 04, 2020, 12 AMEDT",0.81,1.2,+48.88,"May 07, 2020, 12 AMEDT",0.32,1.2,+270.37
"Jan 27, 2021, 12 AMEDT",3.54,3.49,-1.47,"Oct 28, 2020, 12 AMEDT",2.86,2.9,+1.51,"Jul 29, 2020, 12 AMEDT",2.15,2.18,+1.25,"Apr 29, 2020, 12 AMEDT",2.57,2.43,-5.41
"Jan 26, 2021, 12 AMEDT",0.09,0.08,-12.09,"Oct 28, 2020, 12 AMEDT",-0.04,0.06,+246.34,"Jul 29, 2020, 12 AMEDT",-0.1,-0.15,-48.51,"Apr 29, 2020, 12 AMEDT",0.08,0.05,-36.71
"Mar 24, 2021, 12 AMEDT",0.84,0.82,-2.15,"Dec 17, 2020, 12 AMEDT",0.97,1.06,+8.94,"Sep 23, 2020, 12 AMEDT",0.87,1,+14.55,"Jul 01, 2020, 12 AMEDT",1.06,1.1,+3.68
"Feb 10, 2021, 12 AMEDT",1.6,1.93,+20.4,"Nov 05, 2020, 12 AMEDT",1.38,2.83,+105.52,"Jul 29, 2020, 12 AMEDT",-1.77,-0.5,+71.74,"May 06, 2020, 12 AMEDT",0.3,0.62,+108.05
"Feb 17, 2021, 12 AMEDT",1.35,1.52,+12.84,"Oct 22, 2020, 12 AMEDT",1.41,1.63,+16.01,"Jul 30, 2020, 12 AMEDT",0.93,1.32,+41.78,"May 06, 2020, 12 AMEDT",1.07,0.92,-14.34
"Feb 04, 2021, 12 AMEDT",2.15,2.19,+1.86,"Oct 28, 2020, 12 AMEDT",1.9,2.11,+11.05,"Jul 30, 2020, 12 AMEDT",1.45,1.11,-23.29,"Apr 30, 2020, 12 AMEDT",1.58,1.68,+6.67
"Feb 08, 2021, 12 AMEDT",1.76,1.8,+2.1,"Oct 29, 2020, 12 AMEDT",1.66,1.71,+2.95,"Aug 03, 2020, 12 AMEDT",1.2,1.31,+9.08,"May 06, 2020, 12 AMEDT",1.53,1.58,+3.2
"Feb 02, 2021, 12 AMEDT",1.72,1.74,+1.05,"Oct 21, 2020, 12 AMEDT",1.75,1.75,+0.17,"Jul 22, 2020, 12 AMEDT",1.53,1.65,+7.98,"Apr 22, 2020, 12 AMEDT",1.71,1.73,+0.99
"Jan 19, 2021, 12 AMEDT",7.47,12.08,+61.63,"Oct 14, 2020, 12 AMEDT",5.57,8.98,+61.25,"Jul 15, 2020, 12 AMEDT",3.79,0.53,-86,"Apr 15, 2020, 12 AMEDT",3.35,3.11,-7.27
"Feb 03, 2021, 12 AMEDT",3.86,3.66,-5.25,"Oct 22, 2020, 12 AMEDT",4.15,4.52,+8.84,"Jul 23, 2020, 12 AMEDT",3.39,3.75,+10.65,"Apr 23, 2020, 12 AMEDT",4.43,4.24,-4.4
"Jan 19, 2021, 12 AMEDT",0.15,0.18,+22.45,"Oct 19, 2020, 12 AMEDT",0.08,0.11,+30.95,"Jul 20, 2020, 12 AMEDT",-0.11,0.05,+144.25,"Apr 20, 2020, 12 AMEDT",0.24,0.31,+27.57
"Feb 09, 2021, 12 AMEDT",0.29,0.38,+32.87,"Nov 05, 2020, 12 AMEDT",0.39,0.42,+8.25,"Jul 30, 2020, 12 AMEDT",-0.07,0.6,+1009.09,"Apr 30, 2020, 12 AMEDT",0.14,0.05,-65.28
"Feb 04, 2021, 12 AMEDT",1.33,1.76,+32.13,"Oct 29, 2020, 12 AMEDT",0.9,1.46,+62.4,"Jul 30, 2020, 12 AMEDT",1.22,1.22,+0.08,"Apr 29, 2020, 12 AMEDT",1.35,1.34,-0.81
"Feb 08, 2021, 12 AMEDT",1.14,1.27,+11.21,"Oct 26, 2020, 12 AMEDT",1.63,1.88,+15.41,"Jul 27, 2020, 12 AMEDT",0.23,0.02,-91.3,"Apr 29, 2020, 12 AMEDT",0.58,0.57,-2.06
"Feb 02, 2021, 12 AMEDT",3.61,4.13,+14.56,"Oct 26, 2020, 12 AMEDT",2.32,1.92,-17.17,"Jul 22, 2020, 12 AMEDT",-0.39,3.23,+926.09,"Apr 21, 2020, 12 AMEDT",2.64,2.33,-11.68
"Feb 09, 2021, 12 AMEDT",0.04,0.27,+575,"Nov 02, 2020, 12 AMEDT",0.01,-0.12,-1023.08,"Aug 04, 2020, 12 AMEDT",0.05,0.09,+80,"May 05, 2020, 12 AMEDT",0.1,0.54,+429.41
"Feb 17, 2021, 12 AMEDT",0.99,1,+1.11,"Nov 02, 2020, 12 AMEDT",0.79,1.03,+29.72,"Aug 04, 2020, 12 AMEDT",-0.12,-,+100,"May 05, 2020, 12 AMEDT",0.74,0.94,+27.89
"Jan 27, 2021, 12 AMEDT",-0.66,-0.58,+12.12,"Oct 28, 2020, 12 AMEDT",-0.67,-0.71,-5.81,"Jul 29, 2020, 12 AMEDT",-1.14,-1.05,+7.81,"May 07, 2020, 12 AMEDT",-0.65,-0.6,+7.69
"Mar 02, 2021, 12 AMEDT",0.41,0.52,+25.91,"Dec 01, 2020, 12 AMEDT",0.34,0.37,+10.12,"Aug 25, 2020, 12 AMEDT",0.23,0.32,+40.35,"May 21, 2020, 12 AMEDT",0.29,0.22,-24.4
"Feb 17, 2021, 12 AMEDT",0.03,-0.1,-394.12,"Nov 04, 2020, 12 AMEDT",-0.02,0.06,+385.71,"Aug 06, 2020, 12 AMEDT",-0.31,-0.61,-96.77,"May 07, 2020, 12 AMEDT",0.57,0.74,+30.28
"Feb 24, 2021, 12 AMEDT",-0.71,-0.74,-4.37,"Nov 05, 2020, 12 AMEDT",-0.53,-0.41,+23.36,"Aug 06, 2020, 12 AMEDT",-0.55,-0.25,+54.87,"May 07, 2020, 12 AMEDT",0.41,0.53,+28.02
"Jan 27, 2021, 12 AMEDT",2.17,2.86,+31.92,"Nov 04, 2020, 12 AMEDT",1.22,2.07,+69.81,"Jul 29, 2020, 12 AMEDT",0.39,0.75,+94.81,"Apr 29, 2020, 12 AMEDT",0.57,0.57,+0.18
"Feb 23, 2021, 12 AMEDT",2.62,2.65,+1.26,"Nov 17, 2020, 12 AMEDT",3.06,3.18,+3.82,"Aug 18, 2020, 12 AMEDT",3.71,4.02,+8.3,"May 19, 2020, 12 AMEDT",2.27,2.08,-8.21
"Jan 29, 2021, 12 AMEDT",2,2.07,+3.55,"Oct 30, 2020, 12 AMEDT",1.49,1.56,+4.84,"Jul 24, 2020, 12 AMEDT",1.21,1.26,+3.87,"May 01, 2020, 12 AMEDT",1.96,2.21,+13.04
"Feb 18, 2021, 12 AMEDT",0.41,0.41,+0.99,"Nov 24, 2020, 12 AMEDT",0.44,0.43,-1.83,"Aug 25, 2020, 12 AMEDT",0.35,0.37,+7.25,"May 21, 2020, 12 AMEDT",0.43,0.42,-2.1
"Feb 18, 2021, 12 AMEDT",-0.42,-0.09,+78.57,"Nov 04, 2020, 12 AMEDT",-0.45,-0.44,+3.08,"Jul 30, 2020, 12 AMEDT",-0.46,-0.5,-8.7,"May 07, 2020, 12 AMEDT",0.09,-,-100
"Feb 03, 2021, 12 AMEDT",0.17,0.21,+24.26,"Nov 09, 2020, 12 AMEDT",0.05,0.03,-37.5,"Aug 06, 2020, 12 AMEDT",0.06,0.12,+96.72,"May 05, 2020, 12 AMEDT",0.44,0.62,+40.91
"Feb 25, 2021, 12 AMEDT",0.66,0.92,+38.97,"Nov 24, 2020, 12 AMEDT",0.52,0.62,+18.55,"Aug 27, 2020, 12 AMEDT",0.43,0.49,+14.49,"May 27, 2020, 12 AMEDT",0.44,0.51,+15.38
"Feb 03, 2021, 12 AMEDT",-2.37,-2.3,+2.75,"Nov 03, 2020, 12 AMEDT",2.81,3.08,+9.53,"Aug 05, 2020, 12 AMEDT",10.27,12.56,+22.27,"Apr 29, 2020, 12 AMEDT",4.68,5.4,+15.31
"Jan 22, 2021, 12 AMEDT",0.29,0.27,-8.16,"Oct 22, 2020, 12 AMEDT",0.25,0.27,+8.43,"Jul 23, 2020, 12 AMEDT",0.04,0.13,+195.45,"Apr 23, 2020, 12 AMEDT",0.17,0.03,-82.25
"Feb 11, 2021, 12 AMEDT",4.56,6.15,+34.87,"Nov 05, 2020, 12 AMEDT",4.13,5.45,+31.83,"Aug 06, 2020, 12 AMEDT",4.17,1.3,-68.85,"May 07, 2020, 12 AMEDT",4.52,4.23,-6.42
"Feb 03, 2021, 12 AMEDT",1.3,1.37,+5.38,"Oct 27, 2020, 12 AMEDT",1.2,1.4,+16.96,"Jul 23, 2020, 12 AMEDT",1,1.1,+9.78,"Apr 23, 2020, 12 AMEDT",1.3,1.33,+2.47
"Feb 02, 2021, 12 AMEDT",1.4,2.01,+43.88,"Oct 29, 2020, 12 AMEDT",1.43,1.69,+18.1,"Jul 31, 2020, 12 AMEDT",1.17,1.72,+47.01,"Apr 30, 2020, 12 AMEDT",1.2,1.29,+7.59
"Mar 23, 2021, 12 AMEDT",0.7,0.71,+0.85,"Jan 13, 2021, 12 AMEDT",0.67,0.72,+7.3,"Sep 29, 2020, 12 AMEDT",0.69,0.77,+10.95,"Jun 23, 2020, 12 AMEDT",0.67,0.69,+3.45
"Feb 05, 2021, 12 AMEDT",1.79,2.02,+12.6,"Oct 23, 2020, 12 AMEDT",1.49,1.83,+23.07,"Jul 31, 2020, 12 AMEDT",0.7,1.01,+44.08,"May 05, 2020, 12 AMEDT",1.71,1.77,+3.57
"Feb 11, 2021, 12 AMEDT",1.11,1.22,+9.91,"Oct 29, 2020, 12 AMEDT",0.77,1.02,+32.47,"Aug 06, 2020, 12 AMEDT",0.67,0.62,-7.6,"Apr 30, 2020, 12 AMEDT",1.25,1.64,+31.31
"Feb 09, 2021, 12 AMEDT",0.75,0.93,+24.33,"Nov 05, 2020, 12 AMEDT",0.75,0.23,-69.33,"Aug 04, 2020, 12 AMEDT",0.87,1.24,+42.86,"May 05, 2020, 12 AMEDT",0.61,-2.86,-566.56
"Feb 22, 2021, 12 AMEDT",0.45,0.53,+18.3,"Nov 02, 2020, 12 AMEDT",0.31,0.4,+30.29,"Aug 03, 2020, 12 AMEDT",0.19,0.31,+59.79,"May 12, 2020, 12 AMEDT",0.28,0.25,-9.75
"Jan 21, 2021, 12 AMEDT",1.1,1.52,+37.93,"Oct 22, 2020, 12 AMEDT",1.11,1.11,+0.27,"Jul 23, 2020, 12 AMEDT",1.11,1.23,+10.71,"Apr 23, 2020, 12 AMEDT",1.28,1.45,+13.46
"Feb 04, 2021, 12 AMEDT",1.08,1.13,+4.24,"Oct 29, 2020, 12 AMEDT",0.99,1.03,+4.36,"Jul 30, 2020, 12 AMEDT",1.04,1.07,+2.98,"Apr 30, 2020, 12 AMEDT",1.24,1.28,+3.56
"Jan 21, 2021, 12 AMEDT",1.79,2.07,+15.51,"Oct 19, 2020, 12 AMEDT",2.58,2.58,-,"Jul 20, 2020, 12 AMEDT",2.08,2.18,+5.06,"Apr 20, 2020, 12 AMEDT",1.8,1.84,+2.51
"Feb 10, 2021, 12 AMEDT",1.19,1.32,+10.65,"Nov 09, 2020, 12 AMEDT",1.46,1.4,-4.31,"Aug 10, 2020, 12 AMEDT",1.31,1.36,+4.13,"May 11, 2020, 12 AMEDT",1.59,1.62,+2.08
"Feb 04, 2021, 12 AMEDT",0.81,0.75,-6.83,"Oct 29, 2020, 12 AMEDT",0.48,0.71,+46.69,"Jul 30, 2020, 12 AMEDT",0.39,0.77,+97.94,"Apr 30, 2020, 12 AMEDT",0.43,0.57,+34.12
"Feb 10, 2021, 12 AMEDT",0.8,0.86,+7.1,"Oct 21, 2020, 12 AMEDT",0.33,0.53,+60.12,"Jul 29, 2020, 12 AMEDT",0.2,0.23,+13.86,"Apr 22, 2020, 12 AMEDT",0.09,0.11,+19.57
"Feb 23, 2021, 12 AMEDT",0.91,0.68,-25.03,"Nov 19, 2020, 12 AMEDT",0.37,0.94,+151.34,"Aug 25, 2020, 12 AMEDT",1.05,1.81,+72.22,"May 21, 2020, 12 AMEDT",4.6,4.49,-2.39
"Jan 21, 2021, 12 AMEDT",3.12,3.58,+14.6,"Oct 15, 2020, 12 AMEDT",2.07,2.77,+34.01,"Jul 21, 2020, 12 AMEDT",0.56,1.11,+97.86,"Apr 16, 2020, 12 AMEDT",2.54,2.69,+5.74
"Jan 26, 2021, 12 AMEDT",0.57,0.72,+25.65,"Oct 27, 2020, 12 AMEDT",0.48,0.53,+11.11,"Jul 28, 2020, 12 AMEDT",0.44,0.35,-20.09,"Apr 23, 2020, 12 AMEDT",0.52,0.34,-34.74
"Feb 16, 2021, 12 AMEDT",0.98,0.92,-6.31,"Oct 30, 2020, 12 AMEDT",0.89,0.66,-25.59,"Aug 04, 2020, 12 AMEDT",0.6,0.71,+19.13,"May 05, 2020, 12 AMEDT",0.26,0.68,+165.63
"Feb 10, 2021, 12 AMEDT",2,2.11,+5.39,"Oct 20, 2020, 12 AMEDT",1.54,1.63,+6.19,"Jul 22, 2020, 12 AMEDT",1.06,1.18,+11.53,"Apr 28, 2020, 12 AMEDT",1.48,1.5,+1.28
"Feb 24, 2021, 12 AMEDT",0.31,0.29,-7.35,"Nov 05, 2020, 12 AMEDT",0.25,0.31,+24,"Aug 06, 2020, 12 AMEDT",0.13,0.22,+74.6,"May 07, 2020, 12 AMEDT",0.18,0.27,+50.84
"Jan 19, 2021, 12 AMEDT",1.29,1.44,+11.37,"Oct 16, 2020, 12 AMEDT",1.28,1.18,-7.74,"Jul 16, 2020, 12 AMEDT",0.83,1.14,+37.02,"Apr 14, 2020, 12 AMEDT",0.98,0.98,+0.1
"Feb 08, 2021, 12 AMEDT",0.87,0.94,+8.55,"Nov 04, 2020, 12 AMEDT",1.06,1.19,+12.8,"Aug 18, 2020, 12 AMEDT",0.78,0.8,+2.04,"May 04, 2020, 12 AMEDT",0.8,0.96,+19.4
"Feb 09, 2021, 12 AMEDT",1.27,1.41,+10.59,"Nov 24, 2020, 12 AMEDT",1.32,1.63,+23.77,"Aug 03, 2020, 12 AMEDT",1,1.26,+26.25,"May 06, 2020, 12 AMEDT",1.3,1.39,+6.68
"Feb 25, 2021, 12 AMEDT",2.19,2.45,+11.72,"Nov 24, 2020, 12 AMEDT",2.23,2.39,+7.32,"Aug 25, 2020, 12 AMEDT",1.67,2.37,+41.58,"Jun 04, 2020, 12 AMEDT",2.29,2.57,+12.33
"Jan 26, 2021, 12 AMEDT",1.82,1.86,+2.14,"Oct 13, 2020, 12 AMEDT",1.98,2.2,+11.28,"Jul 16, 2020, 12 AMEDT",1.5,1.67,+11.71,"Apr 14, 2020, 12 AMEDT",2,2.3,+15.29
"Jan 29, 2021, 12 AMEDT",0.4,0.43,+6.44,"Nov 03, 2020, 12 AMEDT",0.73,0.76,+4.11,"Jul 31, 2020, 12 AMEDT",0.48,0.67,+39.29,"May 01, 2020, 12 AMEDT",0.36,0.42,+16.67
"Jan 15, 2021, 12 AMEDT",2.62,3.79,+44.44,"Oct 13, 2020, 12 AMEDT",2.23,2.92,+31.18,"Jul 14, 2020, 12 AMEDT",1.04,1.38,+32.56,"Apr 14, 2020, 12 AMEDT",1.84,0.78,-57.65
"Jan 28, 2021, 12 AMEDT",0.53,0.55,+3.58,"Oct 27, 2020, 12 AMEDT",0.43,0.43,-0.92,"Jul 28, 2020, 12 AMEDT",0.34,0.35,+2.64,"Apr 28, 2020, 12 AMEDT",0.25,0.23,-8.37
"Jan 22, 2021, 12 AMEDT",1.92,1.89,-1.72,"Oct 16, 2020, 12 AMEDT",1.9,1.96,+3.1,"Jul 17, 2020, 12 AMEDT",1.12,1.15,+2.5,"Apr 17, 2020, 12 AMEDT",1.78,1.96,+10.36
"Feb 11, 2021, 12 AMEDT",0.89,0.86,-3.15,"Oct 29, 2020, 12 AMEDT",0.87,0.91,+4.96,"Jul 30, 2020, 12 AMEDT",0.94,1.24,+32.48,"Apr 30, 2020, 12 AMEDT",0.96,0.99,+3.66
"Jan 21, 2021, 12 AMEDT",0.43,0.57,+32.56,"Oct 21, 2020, 12 AMEDT",0.37,0.41,+11.72,"Jul 22, 2020, 12 AMEDT",0.08,0.17,+107.32,"Apr 16, 2020, 12 AMEDT",0.18,0.12,-33.7
"Feb 18, 2021, 12 AMEDT",1.37,1.43,+4.3,"Nov 18, 2020, 12 AMEDT",1.46,1.62,+11.03,"Aug 20, 2020, 12 AMEDT",0.83,1.19,+42.69,"May 26, 2020, 12 AMEDT",1.16,0.78,-32.53
"Jan 25, 2021, 12 AMEDT",1.6,1.69,+5.62,"Oct 22, 2020, 12 AMEDT",1.76,1.72,-2.05,"Jul 23, 2020, 12 AMEDT",1.8,2.2,+22.09,"Apr 22, 2020, 12 AMEDT",1.98,2.13,+7.68
"Feb 11, 2021, 12 AMEDT",0.1,0.45,+359.18,"Nov 05, 2020, 12 AMEDT",0.06,-0.1,-278.57,"Aug 07, 2020, 12 AMEDT",0.07,1.71,+2275,"May 08, 2020, 12 AMEDT",0.18,0.19,+7.95
"Jan 20, 2021, 12 AMEDT",0.24,0.27,+12.03,"Oct 21, 2020, 12 AMEDT",0.21,0.21,-0.47,"Jul 22, 2020, 12 AMEDT",0.15,0.17,+14.86,"Apr 22, 2020, 12 AMEDT",0.27,0.24,-12.09
"Feb 03, 2021, 12 AMEDT",3.2,3.24,+1.41,"Oct 28, 2020, 12 AMEDT",2.77,3.03,+9.23,"Aug 03, 2020, 12 AMEDT",2.42,2.73,+13.04,"May 05, 2020, 12 AMEDT",2.28,2.47,+8.29
"Feb 11, 2021, 12 AMEDT",0.74,0.8,+8.7,"Oct 29, 2020, 12 AMEDT",0.62,0.7,+12.18,"Jul 30, 2020, 12 AMEDT",0.65,0.8,+23.08,"Apr 30, 2020, 12 AMEDT",0.55,0.58,+6.23
"Mar 04, 2021, 12 AMEDT",0.69,0.81,+18.08,"Dec 03, 2020, 12 AMEDT",0.67,0.71,+6.45,"Sep 11, 2020, 12 AMEDT",0.55,0.73,+33.21,"Jun 18, 2020, 12 AMEDT",1.09,1.22,+12.24
"Feb 24, 2021, 12 AMEDT",2.91,3.03,+4.02,"Nov 18, 2020, 12 AMEDT",0.09,1.13,+1155.56,"Aug 19, 2020, 12 AMEDT",-0.42,0.25,+159.38,"May 20, 2020, 12 AMEDT",-0.72,-0.99,-38.27
"Jan 29, 2021, 12 AMEDT",3.09,3.14,+1.59,"Oct 30, 2020, 12 AMEDT",2.74,2.84,+3.84,"Jul 31, 2020, 12 AMEDT",2.61,2.83,+8.26,"May 05, 2020, 12 AMEDT",2.62,2.8,+6.87
"Feb 11, 2021, 12 AMEDT",8.11,10.56,+30.23,"Oct 27, 2020, 12 AMEDT",5.31,8.41,+58.53,"Jul 28, 2020, 12 AMEDT",1,2.57,+158.29,"Apr 29, 2020, 12 AMEDT",1.95,2.37,+21.35
"Jan 27, 2021, 12 AMEDT",5.73,6.03,+5.33,"Oct 21, 2020, 12 AMEDT",5.2,5.67,+9.14,"Jul 29, 2020, 12 AMEDT",4.05,4.78,+18.08,"Apr 22, 2020, 12 AMEDT",3.98,3.98,-
"Jan 07, 2021, 12 AMEDT",0.62,0.66,+6.28,"Oct 07, 2020, 12 AMEDT",0.3,0.61,+105.39,"Jul 28, 2020, 12 AMEDT",0.16,-0.01,-106.29,"Apr 01, 2020, 12 AMEDT",0.93,0.77,-16.94
"Jan 27, 2021, 12 AMEDT",-0.32,-0.37,-15.26,"Oct 21, 2020, 12 AMEDT",-0.73,-0.67,+7.97,"Jul 22, 2020, 12 AMEDT",-0.74,-1.05,-41.13,"Apr 22, 2020, 12 AMEDT",0.08,-0.03,-140
"Feb 08, 2021, 12 AMEDT",0.7,0.76,+8.57,"Nov 02, 2020, 12 AMEDT",0.71,0.8,+12.99,"Aug 03, 2020, 12 AMEDT",0.07,0.16,+135.29,"May 04, 2020, 12 AMEDT",0.33,0.41,+22.75
"Feb 23, 2021, 12 AMEDT",1.62,1.63,+0.93,"Nov 02, 2020, 12 AMEDT",1.24,1.47,+19.03,"Aug 04, 2020, 12 AMEDT",1.09,1.55,+41.94,"May 05, 2020, 12 AMEDT",1.23,1.19,-2.94
"Mar 16, 2021, 12 AMEDT",1.71,3.2,+87.03,"Dec 16, 2020, 12 AMEDT",2.37,2.82,+18.84,"Sep 14, 2020, 12 AMEDT",1.56,2.12,+36.33,"Jun 15, 2020, 12 AMEDT",1.18,1.65,+40.19
"Jan 29, 2021, 12 AMEDT",2.35,2.75,+16.82,"Oct 27, 2020, 12 AMEDT",1.71,1.54,-10.05,"Jul 30, 2020, 12 AMEDT",1.56,1.89,+21,"Apr 23, 2020, 12 AMEDT",1.48,1.75,+18.24
"Feb 03, 2021, 12 AMEDT",1.93,1.78,-7.58,"Nov 04, 2020, 12 AMEDT",2.03,-0.72,-135.49,"Aug 05, 2020, 12 AMEDT",1.39,0.97,-30.17,"May 07, 2020, 12 AMEDT",2.21,2.24,+1.4
"Feb 05, 2021, 12 AMEDT",2.14,2.3,+7.33,"Nov 04, 2020, 12 AMEDT",1.97,2.15,+9.14,"Jul 30, 2020, 12 AMEDT",1.65,1.9,+15.22,"May 07, 2020, 12 AMEDT",1.84,1.89,+2.89
"Feb 25, 2021, 12 AMEDT",-2.3,-2.04,+11.38,"Nov 05, 2020, 12 AMEDT",-2.2,-2.45,-11.36,"Aug 05, 2020, 12 AMEDT",-2.08,-2.67,-28.24,"May 07, 2020, 12 AMEDT",-0.97,-0.94,+3.29
"Feb 18, 2021, 12 AMEDT",0.59,0.69,+17.35,"Oct 29, 2020, 12 AMEDT",0.53,0.75,+41.51,"Jul 30, 2020, 12 AMEDT",0.17,0.53,+221.21,"Apr 30, 2020, 12 AMEDT",0.49,0.57,+16.33
"Jan 26, 2021, 12 AMEDT",6.41,6.46,+0.73,"Oct 20, 2020, 12 AMEDT",6.09,6.25,+2.61,"Jul 21, 2020, 12 AMEDT",5.72,5.79,+1.21,"Apr 21, 2020, 12 AMEDT",5.8,6.08,+4.83
"Oct 28, 2019, 12 AMEDT",0.75,0.22,-70.67,"Aug 05, 2019, 12 AMEDT",0.75,0.78,+4,"Apr 29, 2019, 12 AMEDT",0.95,1.2,+26.32,"Feb 11, 2019, 12 AMEDT",0.53,-0.28,-153.33
"Feb 24, 2021, 12 AMEDT",1.21,1.33,+9.92,"Nov 18, 2020, 12 AMEDT",1.99,1.98,-0.4,"Aug 19, 2020, 12 AMEDT",2.95,3.75,+27.25,"May 20, 2020, 12 AMEDT",1.32,1.77,+34.5
"Feb 10, 2021, 12 AMEDT",0.3,0.48,+58.94,"Nov 04, 2020, 12 AMEDT",0.31,0.4,+31.15,"Aug 05, 2020, 12 AMEDT",0.32,0.42,+32.49,"May 06, 2020, 12 AMEDT",0.35,0.37,+7.25
"Jan 29, 2021, 12 AMEDT",1.36,2.19,+60.56,"Oct 30, 2020, 12 AMEDT",1.12,1.27,+13.29,"Jul 31, 2020, 12 AMEDT",0.65,0.71,+9.4,"May 01, 2020, 12 AMEDT",1.56,1.51,-3.08
"Jan 21, 2021, 12 AMEDT",3.03,3.52,+16.21,"Oct 22, 2020, 12 AMEDT",2.61,2.75,+5.53,"Jul 23, 2020, 12 AMEDT",1.65,1.74,+5.39,"Apr 20, 2020, 12 AMEDT",2.47,1.93,-21.83
"Feb 22, 2021, 12 AMEDT",-0.2,-0.12,+39.39,"Nov 04, 2020, 12 AMEDT",-0.28,-0.28,-1.45,"Aug 05, 2020, 12 AMEDT",-0.63,-0.6,+5.21,"May 06, 2020, 12 AMEDT",-0.14,-0.16,-11.89
"Feb 02, 2021, 12 AMEDT",-1.41,-0.94,+33.24,"Nov 02, 2020, 12 AMEDT",-1.7,-1,+41.21,"Aug 03, 2020, 12 AMEDT",-1.75,-1.33,+24,"May 05, 2020, 12 AMEDT",-0.31,-0.16,+48.39
"Jan 27, 2021, 12 AMEDT",1.84,1.91,+4.09,"Oct 27, 2020, 12 AMEDT",1.74,1.78,+2.18,"Jul 22, 2020, 12 AMEDT",2.12,2.2,+3.92,"Apr 29, 2020, 12 AMEDT",1.9,1.96,+3.05
"Feb 18, 2021, 12 AMEDT",0.11,0.12,+8.11,"Nov 06, 2020, 12 AMEDT",-0.08,0.06,+173.17,"Aug 10, 2020, 12 AMEDT",-0.42,-0.64,-53.48,"May 11, 2020, 12 AMEDT",0.8,0.26,-67.34
"Jan 28, 2021, 12 AMEDT",1.13,1.19,+5.78,"Oct 29, 2020, 12 AMEDT",0.73,0.82,+12.95,"Jul 30, 2020, 12 AMEDT",1.13,1.32,+16.5,"Apr 30, 2020, 12 AMEDT",1.57,1.64,+4.66
"Feb 09, 2021, 12 AMEDT",2.3,2.93,+27.23,"Oct 29, 2020, 12 AMEDT",3.76,4.71,+25.17,"Jul 28, 2020, 12 AMEDT",3.02,3.49,+15.6,"May 05, 2020, 12 AMEDT",0.49,0.41,-16.16
"Feb 09, 2021, 12 AMEDT",0.74,0.75,+0.81,"Oct 28, 2020, 12 AMEDT",0.78,1.04,+32.99,"Jul 30, 2020, 12 AMEDT",0.67,0.84,+26.32,"Apr 29, 2020, 12 AMEDT",0.36,0.46,+27.78
"Jan 28, 2021, 12 AMEDT",1.51,1.64,+8.54,"Oct 28, 2020, 12 AMEDT",1.66,1.6,-3.38,"Jul 30, 2020, 12 AMEDT",1.16,1.36,+16.94,"Apr 29, 2020, 12 AMEDT",1.73,1.83,+5.9
"Jan 26, 2021, 12 AMEDT",0.68,0.73,+7.67,"Oct 27, 2020, 12 AMEDT",0.58,0.72,+24.14,"Jul 28, 2020, 12 AMEDT",0.57,0.58,+2.29,"Apr 28, 2020, 12 AMEDT",0.58,0.61,+5.17
"Mar 30, 2021, 12 AMEDT",0.59,0.72,+23.08,"Jan 28, 2021, 12 AMEDT",0.81,0.79,-2.11,"Sep 29, 2020, 12 AMEDT",0.76,0.77,+0.53,"Jun 25, 2020, 12 AMEDT",0.58,0.74,+27.16
"Jan 28, 2021, 12 AMEDT",1.78,1.7,-4.39,"Nov 09, 2020, 12 AMEDT",1.9,2.22,+16.78,"Jul 28, 2020, 12 AMEDT",0.75,0.66,-11.41,"Apr 30, 2020, 12 AMEDT",1.57,1.47,-6.13
"Feb 02, 2021, 12 AMEDT",4.13,4.6,+11.43,"Nov 03, 2020, 12 AMEDT",3.88,4.8,+23.87,"Aug 03, 2020, 12 AMEDT",2.32,2.77,+19.5,"May 20, 2020, 12 AMEDT",4.1,4.27,+4.12
"Feb 23, 2021, 12 AMEDT",1.15,1.29,+11.98,"Nov 24, 2020, 12 AMEDT",0.8,1.02,+27.34,"Aug 25, 2020, 12 AMEDT",0.18,0.62,+246.37,"May 21, 2020, 12 AMEDT",0.68,0.58,-14.33
"Feb 04, 2021, 12 AMEDT",1.38,1.32,-4.28,"Oct 27, 2020, 12 AMEDT",1.44,1.74,+20.83,"Jul 31, 2020, 12 AMEDT",1.04,1.37,+31.6,"Apr 28, 2020, 12 AMEDT",1.34,1.5,+11.77
"Feb 03, 2021, 12 AMEDT",1.52,2.03,+33.64,"Nov 04, 2020, 12 AMEDT",1.61,1.73,+7.25,"Aug 05, 2020, 12 AMEDT",0.9,0.83,-7.98,"May 06, 2020, 12 AMEDT",1.44,1.58,+9.87
"Feb 04, 2021, 12 AMEDT",8.72,9.26,+6.2,"Nov 05, 2020, 12 AMEDT",5.95,7.02,+17.96,"Jul 30, 2020, 12 AMEDT",4.2,5.29,+25.83,"May 07, 2020, 12 AMEDT",3.89,4,+2.8
"Feb 10, 2021, 12 AMEDT",-0.91,-0.92,-0.77,"Oct 29, 2020, 12 AMEDT",-1.04,-1.08,-3.75,"Jul 30, 2020, 12 AMEDT",-1.7,-1.67,+1.65,"Apr 23, 2020, 12 AMEDT",-0.32,1.64,+612.5
"Feb 04, 2021, 12 AMEDT",1.58,1.62,+2.27,"Nov 05, 2020, 12 AMEDT",1.43,1.56,+9.09,"Aug 04, 2020, 12 AMEDT",1.43,1.56,+8.79,"May 07, 2020, 12 AMEDT",1.35,1.46,+7.91
"Mar 31, 2021, 12 AMEDT",0.95,0.98,+3.48,"Jan 07, 2021, 12 AMEDT",0.71,0.78,+9.86,"Sep 29, 2020, 12 AMEDT",0.99,1.08,+9.31,"Jun 29, 2020, 12 AMEDT",0.78,0.82,+5.81
"Jan 26, 2021, 12 AMEDT",1.64,2.03,+23.63,"Oct 27, 2020, 12 AMEDT",1.54,1.82,+17.88,"Jul 22, 2020, 12 AMEDT",1.34,1.46,+8.71,"Apr 29, 2020, 12 AMEDT",1.26,1.4,+10.67
"Feb 03, 2021, 12 AMEDT",0.53,0.72,+35.08,"Oct 28, 2020, 12 AMEDT",0.49,0.52,+6.56,"Jul 29, 2020, 12 AMEDT",0.54,0.65,+21.27,"May 06, 2020, 12 AMEDT",0.59,0.31,-47.46
"Feb 11, 2021, 12 AMEDT",2.87,3.54,+23.47,"Oct 29, 2020, 12 AMEDT",2.14,3.26,+52.27,"Aug 06, 2020, 12 AMEDT",-0.09,0.37,+502.17,"May 04, 2020, 12 AMEDT",1.66,1.66,+0.12
"Feb 11, 2021, 12 AMEDT",0.77,0.4,-47.78,"Oct 29, 2020, 12 AMEDT",1.02,1.62,+58.82,"Jul 30, 2020, 12 AMEDT",0.68,1.55,+128.28,"Apr 30, 2020, 12 AMEDT",0.33,0.35,+6.38
"Jan 28, 2021, 12 AMEDT",0.67,0.67,+0.75,"Nov 02, 2020, 12 AMEDT",0.62,0.63,+0.96,"Jul 28, 2020, 12 AMEDT",0.56,0.63,+12.5,"Apr 28, 2020, 12 AMEDT",0.66,0.69,+4.39
"Feb 04, 2021, 12 AMEDT",1.24,1.31,+5.56,"Oct 29, 2020, 12 AMEDT",1.68,1.69,+0.66,"Jul 28, 2020, 12 AMEDT",1,1.08,+8.22,"Apr 28, 2020, 12 AMEDT",0.94,0.95,+0.85
"Feb 25, 2021, 12 AMEDT",0.62,0.62,+0.65,"Nov 05, 2020, 12 AMEDT",0.63,0.65,+2.85,"Aug 04, 2020, 12 AMEDT",0.49,0.59,+21.4,"May 07, 2020, 12 AMEDT",0.48,0.52,+8.33
"Feb 12, 2021, 12 AMEDT",1.97,1.91,-2.85,"Oct 29, 2020, 12 AMEDT",2.1,2.69,+28.34,"Jul 30, 2020, 12 AMEDT",2.24,2.81,+25.73,"Apr 30, 2020, 12 AMEDT",2.22,2.73,+22.92
"Jan 20, 2021, 12 AMEDT",1.27,1.81,+42.63,"Oct 15, 2020, 12 AMEDT",1.28,1.66,+29.89,"Jul 16, 2020, 12 AMEDT",1.12,1.96,+75.47,"Apr 16, 2020, 12 AMEDT",1.14,1.01,-11.25
"Feb 04, 2021, 12 AMEDT",2.74,2.86,+4.38,"Oct 29, 2020, 12 AMEDT",1.78,1.95,+9.8,"Aug 06, 2020, 12 AMEDT",1.21,1.39,+14.97,"May 07, 2020, 12 AMEDT",1.28,1.49,+16.32
"Jan 28, 2021, 12 AMEDT",1.95,1.96,+0.67,"Oct 27, 2020, 12 AMEDT",1.81,2.2,+21.61,"Jul 28, 2020, 12 AMEDT",1.68,1.77,+5.48,"Apr 28, 2020, 12 AMEDT",1.68,1.9,+12.96
"Jan 27, 2021, 12 AMEDT",1.45,1.6,+10.12,"Oct 21, 2020, 12 AMEDT",1.46,1.53,+4.65,"Jul 22, 2020, 12 AMEDT",1.45,1.54,+6.28,"Apr 22, 2020, 12 AMEDT",1.46,1.5,+2.74
"Feb 24, 2021, 12 AMEDT",1.01,1.1,+8.8,"Dec 01, 2020, 12 AMEDT",0.73,1.05,+44.43,"Aug 26, 2020, 12 AMEDT",0.41,0.73,+79.36,"May 27, 2020, 12 AMEDT",1.04,1.19,+14.75
"Jan 19, 2021, 12 AMEDT",1.39,1.19,-14.27,"Oct 20, 2020, 12 AMEDT",2.14,1.74,-18.81,"Jul 16, 2020, 12 AMEDT",1.81,1.59,-12.25,"Apr 21, 2020, 12 AMEDT",1.65,1.57,-4.96
"Feb 12, 2021, 12 AMEDT",0.48,0.56,+17.15,"Oct 30, 2020, 12 AMEDT",0.44,0.84,+92.22,"Jul 31, 2020, 12 AMEDT",0.18,0.3,+66.67,"May 01, 2020, 12 AMEDT",0.06,0.09,+63.64
"Feb 18, 2021, 12 AMEDT",0.95,1.06,+11.34,"Oct 29, 2020, 12 AMEDT",0.85,0.87,+2.84,"Jul 30, 2020, 12 AMEDT",0.31,0.32,+2.24,"May 05, 2020, 12 AMEDT",0.42,0.4,-4.53
"Feb 04, 2021, 12 AMEDT",0.11,0.34,+223.81,"Nov 05, 2020, 12 AMEDT",-,0.08,+2566.67,"Aug 06, 2020, 12 AMEDT",-0.09,-0.03,+65.91,"May 07, 2020, 12 AMEDT",0.01,0.03,+200
"Feb 04, 2021, 12 AMEDT",0.11,0.34,+223.81,"Nov 05, 2020, 12 AMEDT",-,0.08,+2566.67,"Aug 06, 2020, 12 AMEDT",-0.09,-0.03,+65.91,"May 07, 2020, 12 AMEDT",0.01,0.03,+200
"Jan 26, 2021, 12 AMEDT",0.37,0.4,+9.29,"Oct 21, 2020, 12 AMEDT",0.65,0.67,+2.94,"Jul 24, 2020, 12 AMEDT",0.63,0.65,+3.82,"Apr 22, 2020, 12 AMEDT",0.56,0.6,+5.31
"Feb 25, 2021, 12 AMEDT",0.46,0.53,+15.47,"Nov 02, 2020, 12 AMEDT",0.39,0.43,+9.97,"Aug 05, 2020, 12 AMEDT",0.31,0.41,+30.57,"Apr 30, 2020, 12 AMEDT",0.33,0.29,-11.31
"Mar 18, 2021, 12 AMEDT",0.76,0.9,+18.11,"Dec 18, 2020, 12 AMEDT",0.62,0.78,+25.2,"Sep 22, 2020, 12 AMEDT",0.47,0.95,+102.56,"Jun 25, 2020, 12 AMEDT",0.07,-0.51,-861.19
"Feb 17, 2021, 12 AMEDT",0.33,0.34,+3.34,"Nov 02, 2020, 12 AMEDT",0.03,0.09,+233.33,"Aug 05, 2020, 12 AMEDT",0.08,0.13,+64.56,"May 06, 2020, 12 AMEDT",0.8,0.76,-5.24
"Jan 27, 2021, 12 AMEDT",2.48,2.63,+6.09,"Oct 28, 2020, 12 AMEDT",2.38,2.51,+5.33,"Jul 29, 2020, 12 AMEDT",1.33,1.53,+14.69,"Apr 29, 2020, 12 AMEDT",2.25,2.58,+14.77
"Jan 21, 2021, 12 AMEDT",1.49,1.49,+0.2,"Oct 21, 2020, 12 AMEDT",1.38,1.32,-4.49,"Jul 22, 2020, 12 AMEDT",1.37,1.46,+6.8,"Apr 21, 2020, 12 AMEDT",1.45,1.55,+6.6
"Jan 28, 2021, 12 AMEDT",5.76,6.59,+14.37,"Oct 22, 2020, 12 AMEDT",5.62,5.89,+4.73,"Jul 30, 2020, 12 AMEDT",5.32,6.01,+12.91,"Apr 29, 2020, 12 AMEDT",5.51,5.15,-6.5
"Feb 04, 2021, 12 AMEDT",0.37,0.38,+2.15,"Nov 05, 2020, 12 AMEDT",0.33,0.36,+9.42,"Aug 06, 2020, 12 AMEDT",0.22,0.31,+43.52,"May 14, 2020, 12 AMEDT",0.19,0.26,+39.04
"Feb 25, 2021, 12 AMEDT",-2.17,-2.33,-7.23,"Nov 09, 2020, 12 AMEDT",-2.24,-2.35,-4.68,"Aug 06, 2020, 12 AMEDT",-2.26,-2.78,-22.85,"May 14, 2020, 12 AMEDT",-0.5,-0.99,-97.6
"Feb 04, 2021, 12 AMEDT",-0.19,-0.29,-55.91,"Oct 26, 2020, 12 AMEDT",-0.1,0.02,+119.61,"Jul 27, 2020, 12 AMEDT",-0.13,0.02,+114.81,"Apr 27, 2020, 12 AMEDT",0.09,0.55,+504.4
"Mar 01, 2021, 12 AMEDT",0.41,-0.71,-274.02,"Nov 05, 2020, 12 AMEDT",1.64,1.02,-37.92,"Aug 06, 2020, 12 AMEDT",1.17,1.27,+8.55,"May 07, 2020, 12 AMEDT",0.49,0.49,+0.82
"Jan 28, 2021, 12 AMEDT",1.18,1.29,+9.14,"Oct 22, 2020, 12 AMEDT",0.51,0.65,+28.46,"Jul 23, 2020, 12 AMEDT",0.14,0.37,+174.07,"Apr 28, 2020, 12 AMEDT",0.95,0.99,+3.99
"Feb 24, 2021, 12 AMEDT",2.81,3.1,+10.32,"Nov 18, 2020, 12 AMEDT",2.57,2.91,+13.1,"Aug 19, 2020, 12 AMEDT",1.97,2.18,+10.77,"May 21, 2020, 12 AMEDT",1.69,1.8,+6.76
"Jan 28, 2021, 12 AMEDT",79.82,76.93,-3.62,"Oct 20, 2020, 12 AMEDT",59.89,65.11,+8.72,"Jul 22, 2020, 12 AMEDT",42,42.5,+1.19,"Apr 23, 2020, 12 AMEDT",45.61,44.96,-1.42
"Feb 10, 2021, 12 AMEDT",5.13,5.4,+5.18,"Oct 28, 2020, 12 AMEDT",6.41,7.07,+10.38,"Jul 29, 2020, 12 AMEDT",4.3,7.1,+65.08,"Apr 22, 2020, 12 AMEDT",3.95,3.97,+0.48
"Feb 22, 2021, 12 AMEDT",-0.59,-0.78,-32.43,"Nov 09, 2020, 12 AMEDT",-0.72,-0.84,-16.99,"Aug 10, 2020, 12 AMEDT",-1.68,-1.76,-5.01,"May 05, 2020, 12 AMEDT",-0.63,-0.52,+18.11
"Feb 04, 2021, 12 AMEDT",1.57,1.61,+2.55,"Oct 27, 2020, 12 AMEDT",1.53,1.71,+11.76,"Jul 30, 2020, 12 AMEDT",1.08,1.25,+16.28,"Apr 23, 2020, 12 AMEDT",1.12,1.11,-0.98
"Feb 18, 2021, 12 AMEDT",1.65,1.9,+15.36,"Oct 27, 2020, 12 AMEDT",1.07,1.21,+13.51,"Jul 28, 2020, 12 AMEDT",0.92,0.92,+0.22,"Apr 28, 2020, 12 AMEDT",1.14,1.19,+4.29
"Feb 22, 2021, 12 AMEDT",0.73,0.69,-5.74,"Oct 27, 2020, 12 AMEDT",0.61,0.7,+15.51,"Jul 28, 2020, 12 AMEDT",0.51,0.32,-37.38,"Apr 28, 2020, 12 AMEDT",0.8,0.83,+3.75
"Mar 10, 2021, 12 AMEDT",1.11,1.16,+4.6,"Dec 10, 2020, 12 AMEDT",1,1.06,+6.21,"Sep 10, 2020, 12 AMEDT",0.86,0.93,+7.89,"Jun 16, 2020, 12 AMEDT",1.15,1.2,+4.26
"Feb 01, 2021, 12 AMEDT",0.59,0.66,+11.86,"Oct 26, 2020, 12 AMEDT",0.56,0.69,+23.43,"Jul 28, 2020, 12 AMEDT",0.44,0.56,+27.85,"May 06, 2020, 12 AMEDT",0.46,0.6,+30.43
"Jan 26, 2021, 12 AMEDT",1.22,1.17,-4.18,"Oct 20, 2020, 12 AMEDT",0.98,1.11,+13.73,"Jul 21, 2020, 12 AMEDT",0.31,0.43,+39.16,"Apr 21, 2020, 12 AMEDT",1.2,1.03,-14.1
"Jan 27, 2021, 12 AMEDT",1.42,1.33,-6.54,"Oct 26, 2020, 12 AMEDT",1.42,1.57,+10.25,"Jul 28, 2020, 12 AMEDT",1.28,1.38,+7.64,"Apr 27, 2020, 12 AMEDT",1.22,1.5,+22.55
"Feb 04, 2021, 12 AMEDT",2.6,3.44,+32.36,"Nov 05, 2020, 12 AMEDT",2.34,3.07,+31.25,"Aug 06, 2020, 12 AMEDT",1.51,2.55,+69.32,"Apr 30, 2020, 12 AMEDT",2.27,2.92,+28.86
"Apr 06, 2021, 12 AMEDT",0.92,0.96,+3.9,"Dec 23, 2020, 12 AMEDT",0.66,0.73,+10.61,"Oct 06, 2020, 12 AMEDT",0.55,0.63,+14.13,"Jul 07, 2020, 12 AMEDT",0.6,0.61,+1.33
"Feb 10, 2021, 12 AMEDT",0.79,0.84,+5.79,"Nov 04, 2020, 12 AMEDT",0.55,0.7,+26.58,"Aug 04, 2020, 12 AMEDT",0.62,0.62,-0.48,"Apr 28, 2020, 12 AMEDT",1.26,1.33,+5.14
"Feb 03, 2021, 12 AMEDT",1,1.08,+8.22,"Nov 02, 2020, 12 AMEDT",0.94,1.07,+13.59,"Jul 29, 2020, 12 AMEDT",0.88,1.07,+22.01,"May 06, 2020, 12 AMEDT",0.75,0.66,-12.12
"Jan 28, 2021, 12 AMEDT",0.63,0.7,+10.41,"Oct 20, 2020, 12 AMEDT",0.51,0.7,+37.8,"Jul 23, 2020, 12 AMEDT",0.49,0.59,+20.16,"Apr 30, 2020, 12 AMEDT",0.45,0.52,+16.85
"Jan 21, 2021, 12 AMEDT",0.33,0.35,+6.06,"Oct 22, 2020, 12 AMEDT",0.29,0.34,+18.06,"Jul 23, 2020, 12 AMEDT",0.22,0.24,+7.14,"Apr 23, 2020, 12 AMEDT",0.23,0.33,+41.63
"Feb 11, 2021, 12 AMEDT",1.46,1.47,+0.96,"Oct 01, 2020, 12 AMEDT",1.49,1.66,+11.56,"Jul 13, 2020, 12 AMEDT",1.25,1.32,+5.43,"Apr 28, 2020, 12 AMEDT",1.03,1.07,+3.98
"Feb 02, 2021, 12 AMEDT",3,3.96,+32.04,"Oct 28, 2020, 12 AMEDT",1.5,2.09,+39.52,"Jul 28, 2020, 12 AMEDT",0.88,1.57,+78.41,"May 05, 2020, 12 AMEDT",0.54,0.67,+23.16
"Mar 01, 2021, 12 AMEDT",1,0.93,-7.19,"Nov 04, 2020, 12 AMEDT",0.84,1.07,+27.23,"Aug 05, 2020, 12 AMEDT",0.88,1.03,+17.18,"Apr 30, 2020, 12 AMEDT",1.03,1.14,+10.36
"Feb 02, 2021, 12 AMEDT",0.48,0.42,-13.04,"Oct 27, 2020, 12 AMEDT",0.71,0.72,+0.84,"Jul 28, 2020, 12 AMEDT",0.66,0.78,+17.65,"Apr 28, 2020, 12 AMEDT",0.73,0.8,+8.99
"Feb 04, 2021, 12 AMEDT",1.21,1.26,+3.87,"Oct 20, 2020, 12 AMEDT",1.36,1.42,+4.11,"Jul 21, 2020, 12 AMEDT",1.1,1.29,+17.38,"Apr 21, 2020, 12 AMEDT",1.13,1.21,+7.08
"Jan 29, 2021, 12 AMEDT",-1.06,-1.16,-9.74,"Oct 30, 2020, 12 AMEDT",-0.79,-0.01,+98.74,"Jul 31, 2020, 12 AMEDT",-0.92,-0.74,+20,"May 01, 2020, 12 AMEDT",0.63,1.02,+61.14
"Feb 24, 2021, 12 AMEDT",0.04,-0.17,-504.76,"Oct 30, 2020, 12 AMEDT",2.85,3.07,+7.87,"Aug 06, 2020, 12 AMEDT",1.47,1.71,+16.49,"May 08, 2020, 12 AMEDT",0.16,0.27,+74.19
"Feb 23, 2021, 12 AMEDT",0.7,1.07,+53.96,"Nov 04, 2020, 12 AMEDT",0.25,0.17,-32.81,"Aug 04, 2020, 12 AMEDT",-0.35,-0.32,+9.35,"May 06, 2020, 12 AMEDT",1.11,1.15,+3.32
"Jan 15, 2021, 12 AMEDT",2.62,3.26,+24.67,"Oct 14, 2020, 12 AMEDT",2.12,3.39,+59.83,"Jul 15, 2020, 12 AMEDT",0.51,8.4,+1534.24,"Apr 15, 2020, 12 AMEDT",1.71,1.95,+13.9
"Feb 11, 2021, 12 AMEDT",0.76,1.45,+90.04,"Oct 22, 2020, 12 AMEDT",2.18,2.92,+33.88,"Jul 23, 2020, 12 AMEDT",3.1,3.87,+25,"Apr 23, 2020, 12 AMEDT",0.65,0.9,+38.67
"Jan 21, 2021, 12 AMEDT",1.58,1.59,+0.44,"Oct 19, 2020, 12 AMEDT",1.92,1.93,+0.63,"Jul 16, 2020, 12 AMEDT",0.71,0.99,+39.24,"Apr 27, 2020, 12 AMEDT",1.18,1.19,+1.02
"Feb 18, 2021, 12 AMEDT",0.61,0.59,-3.44,"Nov 05, 2020, 12 AMEDT",0.62,0.58,-5.69,"Aug 10, 2020, 12 AMEDT",0.55,0.55,+0.92,"May 08, 2020, 12 AMEDT",0.71,0.67,-6.16
"Jan 28, 2021, 12 AMEDT",1.42,1.48,+3.93,"Oct 26, 2020, 12 AMEDT",1.39,0.85,-39.02,"Jul 27, 2020, 12 AMEDT",1.3,1.46,+12.14,"Apr 27, 2020, 12 AMEDT",1.14,1.15,+1.23
"Jan 20, 2021, 12 AMEDT",1.51,1.64,+8.68,"Oct 20, 2020, 12 AMEDT",1.42,1.63,+14.95,"Jul 30, 2020, 12 AMEDT",1.01,1.16,+14.74,"Apr 17, 2020, 12 AMEDT",1.13,1.17,+3.36
"Mar 17, 2021, 4 AMEDT",1.67,1.83,+9.58,"Mar 01, 2021, 6 AMEDT",1.67,1.83,+9.58,"Feb 17, 2021, 4 AMEDT",1.67,1.83,+9.58,"Jan 27, 2021, 12 AMEDT",1.68,1.83,+9.25
"Jan 26, 2021, 12 AMEDT",0.36,0.38,+4.68,"Oct 20, 2020, 12 AMEDT",0.31,0.4,+30.29,"Jul 21, 2020, 12 AMEDT",0.46,0.54,+17.9,"Apr 21, 2020, 12 AMEDT",0.3,0.7,+134.9
"Feb 04, 2021, 12 AMEDT",2.57,2.93,+13.87,"Nov 03, 2020, 12 AMEDT",2.72,3.21,+18.1,"Aug 04, 2020, 12 AMEDT",1.71,1.85,+8.44,"May 05, 2020, 12 AMEDT",2.77,2.32,-16.28
"Feb 26, 2021, 12 AMEDT",0.65,0.65,+0.15,"Oct 30, 2020, 12 AMEDT",0.97,0.96,-1.23,"Jul 31, 2020, 12 AMEDT",0.6,0.79,+31.01,"May 04, 2020, 12 AMEDT",1.01,1.03,+1.48
"Feb 24, 2021, 12 AMEDT",1.94,1.67,-13.74,"Nov 04, 2020, 12 AMEDT",1.69,1.41,-16.67,"Aug 05, 2020, 12 AMEDT",1.62,1.41,-12.86,"Apr 30, 2020, 12 AMEDT",1.71,1.79,+4.8
"Jan 28, 2021, 12 AMEDT",1.4,1.62,+15.88,"Oct 22, 2020, 12 AMEDT",1.12,1.54,+37.99,"Jul 23, 2020, 12 AMEDT",0.87,1.29,+47.94,"Apr 23, 2020, 12 AMEDT",0.7,0.74,+5.11
"Mar 30, 2021, 12 AMEDT",-0.34,-0.38,-12.76,"Dec 02, 2020, 12 AMEDT",0.24,1.32,+445.45,"Sep 02, 2020, 12 AMEDT",-2.42,0.13,+105.36,"Jun 11, 2020, 12 AMEDT",-1.67,-3.03,-81.55
"Feb 03, 2021, 12 AMEDT",2.68,3.08,+15.1,"Nov 04, 2020, 12 AMEDT",2.12,2.43,+14.46,"Jul 29, 2020, 12 AMEDT",1.13,1.5,+32.74,"May 07, 2020, 12 AMEDT",1.33,1.57,+17.87
"Feb 03, 2021, 12 AMEDT",2.1,2.17,+3.19,"Nov 04, 2020, 12 AMEDT",1.17,1.45,+24.04,"Jul 29, 2020, 12 AMEDT",0.71,0.86,+21.47,"Apr 29, 2020, 12 AMEDT",0.78,0.88,+12.24
"Feb 25, 2021, 12 AMEDT",0.99,1.22,+22.98,"Oct 29, 2020, 12 AMEDT",1.1,1.4,+27.85,"Aug 06, 2020, 12 AMEDT",0.48,0.74,+54.49,"May 07, 2020, 12 AMEDT",0.46,0.47,+2.17
"Feb 04, 2021, 12 AMEDT",4.24,4.48,+5.61,"Oct 22, 2020, 12 AMEDT",3.73,4.31,+15.58,"Jul 23, 2020, 12 AMEDT",1.41,1.42,+0.78,"Apr 22, 2020, 12 AMEDT",0.89,0.94,+5.26
"Feb 04, 2021, 12 AMEDT",1.63,1.67,+2.2,"Oct 29, 2020, 12 AMEDT",0.9,1.44,+60.36,"Aug 04, 2020, 12 AMEDT",-1.72,-1.82,-6.06,"May 27, 2020, 12 AMEDT",-0.4,-0.68,-69.15
"Jan 27, 2021, 12 AMEDT",1.72,2.24,+30.01,"Oct 28, 2020, 12 AMEDT",1.34,1.78,+33.33,"Jul 29, 2020, 12 AMEDT",0.97,1.23,+26.54,"Apr 29, 2020, 12 AMEDT",1.46,1.2,-17.7
"Jan 26, 2021, 12 AMEDT",0.7,0.74,+5.87,"Oct 27, 2020, 12 AMEDT",0.5,0.58,+15.08,"Jul 28, 2020, 12 AMEDT",0.12,0.4,+222.58,"May 07, 2020, 12 AMEDT",1.23,1.78,+45.31
"Feb 22, 2021, 12 AMEDT",0.34,0.33,-3.51,"Nov 02, 2020, 12 AMEDT",0.35,0.07,-80,"Aug 03, 2020, 12 AMEDT",0.32,0.31,-2.21,"May 04, 2020, 12 AMEDT",0.45,0.44,-2.44
"Feb 11, 2021, 12 AMEDT",0.17,0.23,+35.29,"Nov 05, 2020, 12 AMEDT",0.21,0.07,-66.67,"Aug 03, 2020, 12 AMEDT",0.27,0.11,-58.65,"May 07, 2020, 12 AMEDT",0.36,-0.15,-142.13
"Feb 05, 2021, 12 AMEDT",8.39,9.53,+13.55,"Nov 05, 2020, 12 AMEDT",7.14,8.36,+17.17,"Aug 05, 2020, 12 AMEDT",5.98,7.16,+19.67,"May 05, 2020, 12 AMEDT",6.13,6.6,+7.63
"Jan 22, 2021, 12 AMEDT",0.42,0.61,+44.55,"Oct 20, 2020, 12 AMEDT",0.33,0.52,+57.1,"Jul 17, 2020, 12 AMEDT",0.05,-0.25,-590.2,"Apr 17, 2020, 12 AMEDT",0.23,0.14,-38.6
"Feb 22, 2021, 12 AMEDT",0.82,1,+22.7,"Nov 05, 2020, 12 AMEDT",0.82,1,+22.7,"Aug 06, 2020, 12 AMEDT",0.59,0.81,+36.59,"May 05, 2020, 12 AMEDT",0.76,0.77,+1.72
"Jan 28, 2021, 12 AMEDT",1.27,1.41,+10.94,"Oct 29, 2020, 12 AMEDT",1.03,1.27,+23.54,"Aug 05, 2020, 12 AMEDT",1.08,1.33,+22.69,"Apr 30, 2020, 12 AMEDT",1.05,1.29,+23.44
"Jan 28, 2021, 12 AMEDT",0.68,0.84,+22.99,"Oct 22, 2020, 12 AMEDT",0.58,0.67,+14.92,"Jul 23, 2020, 12 AMEDT",0.37,0.41,+11.11,"Apr 23, 2020, 12 AMEDT",0.77,0.79,+2.73
"Jan 26, 2021, 12 AMEDT",1.89,2.38,+26.13,"Nov 10, 2020, 12 AMEDT",1.74,1.87,+7.29,"Jul 28, 2020, 12 AMEDT",1.15,1.27,+10.24,"Apr 28, 2020, 12 AMEDT",1.82,2.43,+33.66
"Jan 27, 2021, 12 AMEDT",0.13,0.13,+3.17,"Oct 28, 2020, 12 AMEDT",0.16,0.17,+10.19,"Jul 29, 2020, 12 AMEDT",0.12,0.15,+27.5,"Apr 29, 2020, 12 AMEDT",0.09,0.09,-2.25
"Jan 29, 2021, 12 AMEDT",3.48,3.56,+2.18,"Oct 27, 2020, 12 AMEDT",3.05,3.17,+3.97,"Jul 28, 2020, 12 AMEDT",2.68,2.94,+9.91,"Apr 28, 2020, 12 AMEDT",2.91,3.05,+4.92
"Mar 02, 2021, 12 AMEDT",1,0.67,-33.2,"Nov 19, 2020, 12 AMEDT",0.61,1.02,+67.49,"Aug 20, 2020, 12 AMEDT",-0.27,0.06,+122.56,"May 21, 2020, 12 AMEDT",0.03,-0.87,-2906.45
"Feb 22, 2021, 12 AMEDT",-5.2,-5.02,+3.39,"Oct 29, 2020, 12 AMEDT",-5.12,-5.62,-9.66,"Aug 10, 2020, 12 AMEDT",-4.82,-6.13,-27.15,"May 20, 2020, 12 AMEDT",-0.63,-1.48,-134.92
"Feb 09, 2021, 12 AMEDT",2.51,2.71,+8.05,"Oct 27, 2020, 12 AMEDT",2.58,2.85,+10.68,"Jul 28, 2020, 12 AMEDT",2.67,3.4,+27.25,"Apr 28, 2020, 12 AMEDT",2.3,2.73,+18.64
"Feb 25, 2021, 12 AMEDT",0.75,1.04,+39.04,"Dec 01, 2020, 12 AMEDT",0.75,1.74,+132.93,"Aug 25, 2020, 12 AMEDT",0.67,1.44,+116.22,"May 28, 2020, 12 AMEDT",0.69,0.7,+1.01
"Feb 22, 2021, 12 AMEDT",0.52,0.94,+80.42,"Nov 02, 2020, 12 AMEDT",0.46,0.2,-56.14,"Aug 03, 2020, 12 AMEDT",0.3,0.2,-33.33,"May 05, 2020, 12 AMEDT",0.4,-1.14,-383.58
"Jan 22, 2021, 12 AMEDT",0.17,0.22,+26.44,"Oct 16, 2020, 12 AMEDT",0.13,0.16,+28,"Jul 24, 2020, 12 AMEDT",-0.01,0.05,+484.62,"Apr 17, 2020, 12 AMEDT",0.24,0.25,+2.46
"Jan 21, 2021, 12 AMEDT",1.13,1.29,+14.16,"Oct 22, 2020, 12 AMEDT",0.89,0.93,+5.08,"Jul 28, 2020, 12 AMEDT",1.29,1.2,-7.19,"Apr 22, 2020, 12 AMEDT",1.3,1.38,+5.99
"Feb 09, 2021, 12 AMEDT",0.76,0.89,+16.49,"Oct 28, 2020, 12 AMEDT",0.66,0.82,+23.68,"Aug 06, 2020, 12 AMEDT",0.57,0.76,+33.1,"May 05, 2020, 12 AMEDT",0.59,0.73,+24.79
"Feb 25, 2021, 12 AMEDT",1.56,1.9,+21.87,"Nov 05, 2020, 12 AMEDT",1.52,1.31,-13.76,"Aug 05, 2020, 12 AMEDT",1.5,1.65,+10.15,"May 04, 2020, 12 AMEDT",2.26,3.08,+36.46
"Jan 27, 2021, 12 AMEDT",1.05,1.17,+11.01,"Oct 28, 2020, 12 AMEDT",1.03,1.21,+17.48,"Jul 29, 2020, 12 AMEDT",1.01,1.23,+21.3,"Apr 29, 2020, 12 AMEDT",0.95,1.05,+10.06
"Jan 28, 2021, 12 AMEDT",1.62,1.7,+4.95,"Oct 27, 2020, 12 AMEDT",2.6,2.76,+6.27,"Jul 28, 2020, 12 AMEDT",1.95,2.37,+21.32,"Apr 29, 2020, 12 AMEDT",1.31,1.36,+3.5
"Feb 08, 2021, 12 AMEDT",0.88,0.86,-1.71,"Nov 09, 2020, 12 AMEDT",0.9,0.48,-46.78,"Aug 12, 2020, 12 AMEDT",0.01,0.04,+300,"Aug 10, 2020, 12 AMEDT",0.98,0.83,-14.96
"Jan 28, 2021, 12 AMEDT",2.08,3.36,+61.38,"Nov 02, 2020, 12 AMEDT",1.52,1.85,+21.63,"Jul 23, 2020, 12 AMEDT",1.12,1.25,+11.21,"May 04, 2020, 12 AMEDT",1.33,1.34,+0.6
"Jan 27, 2021, 12 AMEDT",-0.22,2.41,+1185.59,"Oct 21, 2020, 12 AMEDT",-0.22,0.2,+187.5,"Jul 22, 2020, 12 AMEDT",0.09,0.76,+746.67,"Apr 22, 2020, 12 AMEDT",0.74,1.51,+105.99
"Feb 04, 2021, 12 AMEDT",2.95,3.84,+30.04,"Oct 22, 2020, 12 AMEDT",2.16,3.28,+51.71,"Jul 31, 2020, 12 AMEDT",1.83,1.91,+4.26,"Apr 21, 2020, 12 AMEDT",2.7,2.6,-3.6
"Feb 18, 2021, 12 AMEDT",0.42,0.47,+12.98,"Oct 29, 2020, 12 AMEDT",1.21,1.22,+0.66,"Jul 30, 2020, 12 AMEDT",0.67,0.78,+16.77,"Apr 30, 2020, 12 AMEDT",0.71,0.78,+9.86
"Jan 28, 2021, 12 AMEDT",-1.68,-1.29,+23.31,"Oct 22, 2020, 12 AMEDT",-2.35,-1.99,+15.32,"Jul 23, 2020, 12 AMEDT",-2.66,-2.67,-0.49,"Apr 28, 2020, 12 AMEDT",-0.41,-0.15,+63.24
"Jan 28, 2021, 12 AMEDT",2.98,3.29,+10.25,"Oct 27, 2020, 12 AMEDT",2.73,2.89,+5.94,"Jul 30, 2020, 12 AMEDT",1.23,1.6,+30.19,"Apr 30, 2020, 12 AMEDT",1.1,1.2,+9.29
"Jan 26, 2021, 12 AMEDT",0.55,0.61,+10.31,"Oct 29, 2020, 12 AMEDT",0.31,0.51,+62.42,"Jul 28, 2020, 12 AMEDT",-0.59,-0.46,+22.3,"Apr 28, 2020, 12 AMEDT",0.34,0.32,-6.43
"Jan 19, 2021, 12 AMEDT",1.56,1.69,+8.19,"Oct 16, 2020, 12 AMEDT",1.42,1.45,+2.47,"Jul 17, 2020, 12 AMEDT",1.61,1.88,+16.7,"Apr 17, 2020, 12 AMEDT",1.35,1.67,+23.98
"Feb 02, 2021, 12 AMEDT",1.52,1.73,+13.97,"Nov 02, 2020, 12 AMEDT",1.27,1.48,+16.81,"Aug 03, 2020, 12 AMEDT",0.96,1.31,+37.03,"May 13, 2020, 12 AMEDT",1.58,1.64,+4.13
"Jan 27, 2021, 12 AMEDT",2.55,2.81,+10.37,"Oct 29, 2020, 12 AMEDT",1.41,2.14,+51.88,"Jul 30, 2020, 12 AMEDT",0.55,0.64,+17.22,"Apr 30, 2020, 12 AMEDT",1.69,1.84,+8.94
"Jan 21, 2021, 12 AMEDT",3.84,7.4,+92.96,"Oct 22, 2020, 12 AMEDT",5.27,8.47,+60.81,"Jul 23, 2020, 12 AMEDT",3.11,4.42,+42.31,"Apr 23, 2020, 12 AMEDT",3.56,2.55,-28.43
"Jan 29, 2021, 12 AMEDT",0.91,1.24,+36.71,"Oct 20, 2020, 12 AMEDT",0.72,0.63,-12.26,"Jul 21, 2020, 12 AMEDT",0.15,0.06,-59.46,"Apr 21, 2020, 12 AMEDT",-0.1,0.45,+541.18
"Feb 17, 2021, 12 AMEDT",1.47,1.52,+3.12,"Dec 02, 2020, 12 AMEDT",1.58,1.58,+0.32,"Aug 19, 2020, 12 AMEDT",1.35,1.74,+29.37,"May 20, 2020, 12 AMEDT",0.99,1.22,+23.61
"Feb 02, 2021, 12 AMEDT",0.34,0.17,-49.85,"Nov 03, 2020, 12 AMEDT",0.25,0.34,+38.78,"Aug 11, 2020, 12 AMEDT",-0.3,-0.29,+3.01,"May 05, 2020, 12 AMEDT",0.58,0.45,-22.95
"Feb 04, 2021, 12 AMEDT",0.51,0.6,+17.19,"Nov 05, 2020, 12 AMEDT",0.43,1,+133.1,"Aug 06, 2020, 12 AMEDT",0.07,0.09,+26.76,"May 06, 2020, 12 AMEDT",1.02,1.1,+8.06
"Jan 28, 2021, 12 AMEDT",2.64,2.89,+9.35,"Oct 29, 2020, 12 AMEDT",2.48,2.55,+2.82,"Jul 29, 2020, 12 AMEDT",2.02,2.29,+13.2,"Apr 28, 2020, 12 AMEDT",1.79,1.87,+4.47
"Feb 08, 2021, 12 AMEDT",0.96,1.25,+29.94,"Nov 05, 2020, 12 AMEDT",1.48,2,+34.77,"Aug 03, 2020, 12 AMEDT",1.6,2.3,+43.93,"May 20, 2020, 12 AMEDT",0.9,1.5,+67.6
"Feb 04, 2021, 12 AMEDT",1.01,1.15,+14.31,"Oct 29, 2020, 12 AMEDT",0.23,0.58,+156.64,"Aug 13, 2020, 12 AMEDT",-0.56,-0.25,+55.75,"Apr 30, 2020, 12 AMEDT",-0.11,-0.27,-134.78
"Mar 02, 2021, 12 AMEDT",2.54,2.67,+5.28,"Nov 18, 2020, 12 AMEDT",1.6,2.79,+74.16,"Aug 19, 2020, 12 AMEDT",1.62,3.38,+108.38,"May 20, 2020, 12 AMEDT",0.4,0.59,+48.61
"Jan 27, 2021, 12 AMEDT",1.28,1.47,+14.66,"Oct 28, 2020, 12 AMEDT",0.87,1.16,+33.49,"Jul 29, 2020, 12 AMEDT",0.4,0.59,+46.4,"Apr 28, 2020, 12 AMEDT",1,1.29,+29.39
"Jan 27, 2021, 12 AMEDT",3.11,3.48,+11.9,"Jan 04, 2021, 2 AMEDT",3.11,3.48,+11.9,"Oct 21, 2020, 12 AMEDT",2.36,2.48,+5,"Jul 22, 2020, 12 AMEDT",1.99,2.48,+24.94
"Feb 25, 2021, 12 AMEDT",3.05,3.25,+6.63,"Oct 29, 2020, 12 AMEDT",2.24,2.77,+23.77,"Jul 30, 2020, 12 AMEDT",1.25,1.93,+53.91,"Apr 30, 2020, 12 AMEDT",2.35,2.72,+15.7
"Jan 27, 2021, 12 AMEDT",1.01,1.1,+9.13,"Oct 20, 2020, 12 AMEDT",1.12,1.18,+5.45,"Jul 21, 2020, 12 AMEDT",1.03,1.33,+29.25,"Apr 21, 2020, 12 AMEDT",0.88,1,+14.03
"Jan 27, 2021, 12 AMEDT",1.03,0.8,-22.48,"Oct 21, 2020, 12 AMEDT",0.58,0.76,+30.81,"Jul 22, 2020, 12 AMEDT",-0.04,0.44,+1278.38,"Apr 29, 2020, 12 AMEDT",-0.06,0.23,+456.25
"Jan 26, 2021, 12 AMEDT",1.34,1.64,+22.3,"Oct 20, 2020, 12 AMEDT",1.28,1.45,+13.02,"Jul 21, 2020, 12 AMEDT",0.88,1.48,+68.37,"Apr 21, 2020, 12 AMEDT",1,1.24,+23.75
"Jan 27, 2021, 12 AMEDT",0.91,1.06,+16.36,"Oct 29, 2020, 12 AMEDT",0.36,0.53,+49.3,"Jul 30, 2020, 12 AMEDT",-0.08,0.13,+271.05,"Apr 30, 2020, 12 AMEDT",0.47,0.35,-25.69
"Jan 20, 2021, 12 AMEDT",0.91,0.96,+5.26,"Oct 16, 2020, 12 AMEDT",0.94,0.98,+4.14,"Jul 15, 2020, 12 AMEDT",0.91,1.01,+10.62,"Apr 16, 2020, 12 AMEDT",0.9,1.05,+16.15
"Feb 04, 2021, 12 AMEDT",1.78,2.03,+13.79,"Nov 02, 2020, 12 AMEDT",2.32,3.22,+38.97,"Aug 03, 2020, 12 AMEDT",1.99,2.41,+20.86,"May 01, 2020, 12 AMEDT",1.67,1.89,+13.38
"Mar 04, 2021, 12 AMEDT",2.78,3.17,+13.91,"Dec 03, 2020, 12 AMEDT",3.09,3.16,+2.13,"Sep 03, 2020, 12 AMEDT",1.52,2.28,+49.7,"Jun 04, 2020, 12 AMEDT",2.36,1.51,-35.88
"Feb 04, 2021, 12 AMEDT",1.43,1.49,+4.49,"Nov 06, 2020, 12 AMEDT",1.72,1.86,+8.27,"Jul 23, 2020, 12 AMEDT",1.13,1.31,+15.93,"Apr 23, 2020, 12 AMEDT",1.71,1.63,-4.9
"Feb 17, 2021, 12 AMEDT",0.2,0.57,+190.82,"Nov 02, 2020, 12 AMEDT",0.17,0.23,+37.72,"Aug 03, 2020, 12 AMEDT",-0.01,0.11,+1100,"May 04, 2020, 12 AMEDT",-0.08,-0.06,+21.05
"Jan 21, 2021, 12 AMEDT",3.18,4.91,+54.55,"Oct 20, 2020, 12 AMEDT",3.03,3.12,+2.94,"Jul 23, 2020, 12 AMEDT",-0.2,-0.2,+0.5,"Apr 21, 2020, 12 AMEDT",2.85,2.62,-8.04
"Feb 11, 2021, 12 AMEDT",-0.41,0.32,+177.86,"Nov 12, 2020, 12 AMEDT",-0.7,-0.2,+71.39,"Aug 04, 2020, 12 AMEDT",-0.64,0.08,+112.48,"May 05, 2020, 12 AMEDT",0.89,0.6,-32.2
"Feb 01, 2021, 12 AMEDT",6.56,7.09,+8.06,"Oct 21, 2020, 12 AMEDT",4.31,5.63,+30.54,"Jul 22, 2020, 12 AMEDT",3.42,3.89,+13.91,"Apr 22, 2020, 12 AMEDT",2.8,2.94,+5.19
"Feb 24, 2021, 12 AMEDT",0.62,0.5,-19.22,"Nov 18, 2020, 12 AMEDT",0.4,0.71,+79.29,"Aug 19, 2020, 12 AMEDT",-0.1,-0.18,-80,"May 21, 2020, 12 AMEDT",-0.18,-0.74,-315.73
"Jan 28, 2021, 12 AMEDT",1.51,1.64,+8.32,"Oct 22, 2020, 12 AMEDT",1.38,1.62,+17.39,"Jul 23, 2020, 12 AMEDT",2.52,2.9,+15.13,"Apr 23, 2020, 12 AMEDT",0.7,0.71,+2.01
"Feb 05, 2021, 12 AMEDT",0.92,1.03,+11.47,"Oct 28, 2020, 12 AMEDT",1.35,1.72,+27.79,"Jul 29, 2020, 12 AMEDT",0.74,1.27,+71.16,"May 05, 2020, 12 AMEDT",0.52,0.43,-16.99
"Feb 09, 2021, 12 AMEDT",1.99,1.97,-1.15,"Nov 12, 2020, 12 AMEDT",1.98,2.89,+45.74,"Aug 04, 2020, 12 AMEDT",0.97,1.54,+58.44,"May 05, 2020, 12 AMEDT",4.36,5.1,+17.08
"Feb 10, 2021, 12 AMEDT",0.51,0.61,+19.61,"Nov 04, 2020, 12 AMEDT",0.43,0.6,+40.19,"Aug 05, 2020, 12 AMEDT",0.38,0.52,+36.84,"May 06, 2020, 12 AMEDT",0.41,0.49,+20.1
"Jan 21, 2021, 12 AMEDT",0.97,1.18,+21.15,"Oct 15, 2020, 12 AMEDT",0.89,0.97,+8.5,"Jul 16, 2020, 12 AMEDT",0.72,0.82,+13.89,"Apr 20, 2020, 12 AMEDT",0.67,0.83,+23.51
"Feb 09, 2021, 12 AMEDT",0.31,0.38,+24.18,"Oct 29, 2020, 12 AMEDT",0.06,0.19,+227.59,"Jul 23, 2020, 12 AMEDT",-,-1.39,-69400,"Apr 30, 2020, 12 AMEDT",0.1,0.11,+7.84
"Feb 10, 2021, 12 AMEDT",1.42,1.39,-2.04,"Nov 04, 2020, 12 AMEDT",1.33,1.5,+12.61,"Jul 29, 2020, 12 AMEDT",1.2,1.38,+15,"Apr 29, 2020, 12 AMEDT",1.25,1.25,-0.32
"Feb 11, 2021, 12 AMEDT",1.49,1.94,+30.29,"Nov 16, 2020, 12 AMEDT",1.19,1.95,+63.45,"Aug 03, 2020, 12 AMEDT",0.94,1.4,+48.31,"May 04, 2020, 12 AMEDT",1.04,0.77,-26.17
"Jan 20, 2021, 12 AMEDT",0.95,0.95,+0.32,"Oct 14, 2020, 12 AMEDT",0.91,0.99,+8.67,"Jul 15, 2020, 12 AMEDT",0.22,0.41,+84.68,"Apr 15, 2020, 12 AMEDT",0.58,0.72,+23.5
"Feb 09, 2021, 12 AMEDT",0.03,0.09,+246.15,"Oct 29, 2020, 12 AMEDT",-0.01,-0.09,-1400,"Jul 28, 2020, 12 AMEDT",0.09,0.19,+118.39,"May 06, 2020, 12 AMEDT",0.03,0.01,-67.74
"Mar 11, 2021, 12 AMEDT",2.35,3.41,+45.17,"Dec 03, 2020, 12 AMEDT",1.49,1.64,+9.99,"Aug 27, 2020, 12 AMEDT",0.06,0.73,+1158.62,"May 28, 2020, 12 AMEDT",0.49,-1.39,-386.6
"Feb 10, 2021, 12 AMEDT",-0.06,0.12,+287.5,"Oct 30, 2020, 12 AMEDT",0.03,0.26,+900,"Jul 31, 2020, 12 AMEDT",-0.41,-0.31,+24.21,"May 11, 2020, 12 AMEDT",-0.19,-0.34,-79.89
"Feb 11, 2020, 12 AMEDT",0.11,0.1,-4.76,"Nov 04, 2019, 12 AMEDT",0.19,0.23,+24.32,"Jul 30, 2019, 12 AMEDT",-0.04,-0.04,-14.29,"May 02, 2019, 12 AMEDT",-,0.05,+1100
"Jan 21, 2021, 12 AMEDT",2.3,2.36,+2.83,"Oct 22, 2020, 12 AMEDT",2.06,2.01,-2.43,"Jul 23, 2020, 12 AMEDT",1.55,1.67,+7.46,"Apr 23, 2020, 12 AMEDT",1.9,2.15,+13.28
"Jan 20, 2021, 12 AMEDT",-6.64,-7,-5.45,"Oct 14, 2020, 12 AMEDT",-7.53,-8.16,-8.38,"Jul 21, 2020, 12 AMEDT",-9.02,-9.31,-3.25,"Apr 30, 2020, 12 AMEDT",-3.47,-2.57,+25.92
"Feb 02, 2021, 12 AMEDT",2.14,2.66,+24.07,"Oct 28, 2020, 12 AMEDT",1.9,2.28,+20,"Jul 30, 2020, 12 AMEDT",1.07,2.13,+98.69,"Apr 28, 2020, 12 AMEDT",1.23,1.15,-6.5
"Jan 27, 2021, 12 AMEDT",4.23,5.04,+19.23,"Oct 28, 2020, 12 AMEDT",4.35,5.4,+24.14,"Jul 29, 2020, 12 AMEDT",1.86,3.68,+97.53,"Apr 29, 2020, 12 AMEDT",2.69,3.35,+24.44
"Jan 20, 2021, 12 AMEDT",2.41,2.52,+4.43,"Oct 14, 2020, 12 AMEDT",3.09,3.51,+13.48,"Jul 15, 2020, 12 AMEDT",5.28,7.12,+34.93,"Apr 15, 2020, 12 AMEDT",3.63,3.72,+2.59
"Feb 25, 2021, 12 AMEDT",2.78,3.59,+28.95,"Oct 29, 2020, 12 AMEDT",1.94,2.88,+48.3,"Jul 27, 2020, 12 AMEDT",0.89,2.93,+231.07,"Apr 27, 2020, 12 AMEDT",2.57,1.73,-32.76
"Feb 04, 2021, 12 AMEDT",1.2,1.15,-3.77,"Oct 27, 2020, 12 AMEDT",1.31,1.21,-7.35,"Jul 28, 2020, 12 AMEDT",1.2,1.23,+2.24,"May 04, 2020, 12 AMEDT",1.38,1.35,-2.17
"Jan 28, 2021, 12 AMEDT",-1.42,-1.06,+25.19,"Oct 22, 2020, 12 AMEDT",-1.49,-1.16,+22.25,"Jul 30, 2020, 12 AMEDT",-1.41,-1.25,+11.1,"Apr 29, 2020, 12 AMEDT",-0.15,0.34,+322.22
"Jan 26, 2021, 12 AMEDT",1.1,1.14,+3.45,"Oct 27, 2020, 12 AMEDT",1.02,1.12,+10.24,"Aug 02, 2020, 12 AMEDT",0.52,0.78,+51.16,"May 04, 2020, 12 AMEDT",0.85,0.85,-0.47
"Feb 18, 2021, 12 AMEDT",0.07,0.29,+339.39,"Nov 06, 2020, 12 AMEDT",0.03,0.03,+7.14,"Aug 07, 2020, 12 AMEDT",0.27,-0.43,-257.51,"May 08, 2020, 12 AMEDT",0.22,1.26,+480.65
"Feb 11, 2021, 12 AMEDT",1.29,1.38,+6.98,"Oct 22, 2020, 12 AMEDT",1.25,1.49,+18.73,"Jul 23, 2020, 12 AMEDT",1.27,1.32,+3.69,"Apr 23, 2020, 12 AMEDT",1.28,2.86,+123.96
"Feb 23, 2021, 12 AMEDT",1.3,1.27,-2.46,"Nov 04, 2020, 12 AMEDT",1.2,1.32,+10.28,"Aug 04, 2020, 12 AMEDT",1.19,1.29,+8.22,"May 05, 2020, 12 AMEDT",1.13,1.17,+3.45
"Jan 26, 2021, 12 AMEDT",1.17,1.21,+3.42,"Oct 21, 2020, 12 AMEDT",1.22,1.25,+2.8,"Jul 24, 2020, 12 AMEDT",1.15,1.18,+2.7,"Apr 24, 2020, 12 AMEDT",1.22,1.26,+3.03
"Feb 01, 2021, 12 AMEDT",2.59,2.51,-3.09,"Oct 29, 2020, 12 AMEDT",2.34,2.64,+12.68,"Jul 30, 2020, 12 AMEDT",2.07,2.61,+25.84,"Apr 29, 2020, 12 AMEDT",1.85,2.56,+38.75
"Jan 27, 2021, 12 AMEDT",0.9,0.93,+3.56,"Oct 16, 2020, 12 AMEDT",0.5,0.67,+35.35,"Jul 31, 2020, 12 AMEDT",-0.67,-0.57,+15.18,"May 15, 2020, 12 AMEDT",0.14,0.1,-27.01
"Feb 24, 2021, 12 AMEDT",1.01,1.04,+2.67,"Nov 06, 2020, 12 AMEDT",0.8,0.91,+13.18,"Aug 06, 2020, 12 AMEDT",0.93,1.25,+34.7,"May 07, 2020, 12 AMEDT",0.96,1.13,+17.71
"Feb 27, 2020, 12 AMEDT",1.28,1.4,+9.55,"Nov 05, 2019, 12 AMEDT",1.13,1.17,+3.45,"Jul 29, 2019, 12 AMEDT",0.95,1.03,+8.65,"May 07, 2019, 12 AMEDT",0.79,0.82,+3.67
"Jan 28, 2021, 12 AMEDT",1.28,1.42,+11.2,"Oct 28, 2020, 12 AMEDT",1.09,1.12,+2.94,"Jul 28, 2020, 12 AMEDT",1.03,1.07,+3.98,"Apr 30, 2020, 12 AMEDT",1.35,1.38,+2.53
"Feb 11, 2021, 12 AMEDT",0.85,0.87,+1.87,"Oct 29, 2020, 12 AMEDT",0.71,0.8,+13.48
"Feb 16, 2021, 12 AMEDT",-0.42,-0.97,-130.95,"Nov 02, 2020, 12 AMEDT",0.6,0.28,-53.33,"Aug 03, 2020, 12 AMEDT",0.4,-1.03,-357.5,"May 04, 2020, 12 AMEDT",0.15,0.03,-80
"Feb 16, 2021, 12 AMEDT",0.99,1.07,+8.63,"Nov 05, 2020, 12 AMEDT",1.62,1.56,-3.53,"Aug 04, 2020, 12 AMEDT",1.38,1.6,+15.61,"May 06, 2020, 12 AMEDT",0.43,0.47,+9.05
"Jan 26, 2021, 12 AMEDT",0.79,0.92,+16.46,"Oct 20, 2020, 12 AMEDT",0.68,0.65,-4.27,"Jul 21, 2020, 12 AMEDT",0.26,0.06,-76.56,"Apr 21, 2020, 12 AMEDT",0.74,0.69,-6.12
"Mar 31, 2021, 12 AMEDT",1.11,1.26,+13.72,"Jan 07, 2021, 12 AMEDT",1.03,1.22,+18.79,"Oct 15, 2020, 12 AMEDT",0.96,1.02,+6.25,"Jul 09, 2020, 12 AMEDT",1.17,0.83,-29.06
"Feb 18, 2021, 12 AMEDT",1.51,1.39,-7.76,"Nov 17, 2020, 12 AMEDT",1.18,1.34,+13.18,"Aug 18, 2020, 12 AMEDT",1.25,1.56,+24.9,"May 19, 2020, 12 AMEDT",1.12,1.18,+5.45
"Feb 18, 2021, 12 AMEDT",1.09,1.13,+3.39,"Nov 02, 2020, 12 AMEDT",1.02,1.09,+7.28,"Jul 30, 2020, 12 AMEDT",0.81,0.88,+8.78,"May 06, 2020, 12 AMEDT",0.92,0.93,+1.53
"Feb 02, 2021, 12 AMEDT",2.89,3.65,+26.47,"Oct 27, 2020, 12 AMEDT",1.93,2.16,+11.92,"Jul 28, 2020, 12 AMEDT",1.54,2.1,+36.19,"Apr 28, 2020, 12 AMEDT",1.47,1.15,-21.56
"Feb 04, 2021, 12 AMEDT",0.73,0.76,+3.83,"Nov 03, 2020, 12 AMEDT",0.76,0.84,+10.53,"Aug 04, 2020, 12 AMEDT",0.69,0.76,+10.95,"May 04, 2020, 12 AMEDT",1.32,1.43,+8.5
"Jan 15, 2021, 12 AMEDT",0.6,0.64,+7.02,"Oct 14, 2020, 12 AMEDT",0.45,0.42,-6.67,"Jul 14, 2020, 12 AMEDT",-0.2,-0.66,-230,"Apr 14, 2020, 12 AMEDT",0.33,0.01,-96.94
"Feb 09, 2021, 12 AMEDT",0.18,0.39,+115.47,"Oct 28, 2020, 12 AMEDT",0.16,0.77,+378.26,"Aug 05, 2020, 12 AMEDT",0.2,0.42,+115.38,"May 06, 2020, 12 AMEDT",0.35,0.75,+116.76
"Feb 18, 2021, 12 AMEDT",1.13,1.34,+19.11,"Oct 22, 2020, 12 AMEDT",1,1.15,+15.23,"Jul 23, 2020, 12 AMEDT",0.91,1.25,+37.67,"Apr 23, 2020, 12 AMEDT",0.82,1.01,+22.87
"Jan 28, 2021, 12 AMEDT",0.54,0.69,+28.25,"Oct 28, 2020, 12 AMEDT",0.55,0.65,+18.61,"Aug 05, 2020, 12 AMEDT",1.22,1.23,+1.15,"Apr 30, 2020, 12 AMEDT",0.93,0.85,-8.31
"Feb 10, 2021, 12 AMEDT",0.42,0.45,+7.4,"Oct 29, 2020, 12 AMEDT",0.46,0.57,+23.11,"Aug 04, 2020, 12 AMEDT",0.35,0.41,+18.16,"May 05, 2020, 12 AMEDT",0.41,0.44,+6.8
"Feb 18, 2021, 12 AMEDT",1.03,0.98,-5.04,"Oct 29, 2020, 12 AMEDT",0.91,0.95,+4.97,"Jul 28, 2020, 12 AMEDT",0.75,0.87,+15.69,"May 04, 2020, 12 AMEDT",0.97,0.97,-0.21
"Jan 28, 2021, 12 AMEDT",0.54,0.61,+12.34,"Nov 05, 2020, 12 AMEDT",0.68,0.73,+7.67,"Aug 04, 2020, 12 AMEDT",0.44,0.76,+71.56,"May 05, 2020, 12 AMEDT",0.61,0.67,+10.2
"Jan 29, 2021, 12 AMEDT",0.46,0.48,+3.45,"Oct 30, 2020, 12 AMEDT",0.47,0.52,+11.59,"Jul 31, 2020, 12 AMEDT",0.01,0.11,+2100,"May 01, 2020, 12 AMEDT",0.13,0.18,+35.34
"Jan 27, 2021, 12 AMEDT",6.07,6.64,+9.39,"Oct 21, 2020, 12 AMEDT",4.2,6.91,+64.41,"Jul 22, 2020, 12 AMEDT",1,2.15,+115.86,"Apr 30, 2020, 12 AMEDT",2.48,2.82,+13.62
"Feb 22, 2021, 12 AMEDT",0.31,0.09,-70.68,"Nov 02, 2020, 12 AMEDT",0.27,0.25,-7.75,"Aug 03, 2020, 12 AMEDT",0.24,0.25,+3.31,"May 04, 2020, 12 AMEDT",0.26,-0.43,-263.5
"Feb 09, 2021, 12 AMEDT",5.03,5.23,+3.93,"Oct 29, 2020, 12 AMEDT",1.3,1.33,+2.31,"Jul 30, 2020, 12 AMEDT",1.63,1.8,+10.16,"Apr 30, 2020, 12 AMEDT",3.13,3.34,+6.71
"Feb 04, 2021, 12 AMEDT",-2.31,-2.45,-6.11,"Nov 05, 2020, 12 AMEDT",-4.03,-7.04,-74.91,"Aug 04, 2020, 12 AMEDT",-4.98,-6.14,-23.29,"May 06, 2020, 12 AMEDT",-0.84,-3.54,-321.43
"Jan 28, 2021, 12 AMEDT",0.55,0.54,-0.92,"Oct 29, 2020, 12 AMEDT",1.06,1.14,+7.85,"Jul 30, 2020, 12 AMEDT",0.48,0.54,+12.97,"May 07, 2020, 12 AMEDT",0.6,0.56,-6.04
"Jan 26, 2021, 12 AMEDT",0.6,0.58,-3.65,"Oct 27, 2020, 12 AMEDT",0.22,0.48,+123.26,"Jul 28, 2020, 12 AMEDT",-0.07,0.15,+314.29,"Apr 28, 2020, 12 AMEDT",0.29,0.21,-27.59
"Jan 27, 2021, 12 AMEDT",0.68,0.69,+1.47,"Oct 21, 2020, 12 AMEDT",0.74,0.79,+7.34,"Jul 30, 2020, 12 AMEDT",0.56,0.38,-32.5,"Apr 22, 2020, 12 AMEDT",0.69,0.75,+9.33
"Feb 04, 2021, 12 AMEDT",0.68,0.81,+19.65,"Oct 29, 2020, 12 AMEDT",0.51,0.62,+22.53,"Jul 30, 2020, 12 AMEDT",0.39,0.4,+3.63,"May 05, 2020, 12 AMEDT",0.37,0.23,-37.16
"Feb 04, 2021, 12 AMEDT",1.01,1.15,+14.2,"Oct 29, 2020, 12 AMEDT",0.8,1.01,+25.94,"Jul 30, 2020, 12 AMEDT",0.53,0.82,+55.89,"Apr 29, 2020, 12 AMEDT",0.66,0.64,-2.74
"Feb 11, 2021, 12 AMEDT",3.8,4.46,+17.37,"Nov 03, 2020, 12 AMEDT",2.81,3.27,+16.2,"Jul 28, 2020, 12 AMEDT",2.28,2.41,+5.79,"Apr 28, 2020, 12 AMEDT",2.64,2.67,+1.02
"Feb 05, 2021, 12 AMEDT",2.06,2.11,+2.58,"Nov 06, 2020, 12 AMEDT",1.07,1.81,+69.63,"Aug 04, 2020, 12 AMEDT",-0.73,0.05,+106.84,"May 11, 2020, 12 AMEDT",1.38,1.7,+22.92
"Jan 19, 2021, 12 AMEDT",1.02,1.66,+62.27,"Oct 19, 2020, 12 AMEDT",0.88,1.01,+14.25,"Jul 20, 2020, 12 AMEDT",0.38,0.34,-9.57,"Apr 20, 2020, 12 AMEDT",0.56,0.04,-92.87
"Feb 16, 2021, 12 AMEDT",0.87,0.91,+5.08,"Nov 05, 2020, 12 AMEDT",0.92,1.1,+19.83,"Aug 06, 2020, 12 AMEDT",0.64,0.89,+38.63,"May 06, 2020, 12 AMEDT",0.86,0.95,+10.21